建筑物名称,支队,物联网服务商名称,建筑面积,报警系统点位经验值,平台实际接收点位数量,近7日故障点位数,近7日故障出现次数,故障平均反馈次数,近7日报警点位数,近7日报警出现次数
百联西郊购物中心,长宁支队,上海欧萨数据技术有限公司,109799.343750,3921.405273,92,4,166,41.500000,1,4
上海健康医学院徐汇校区-梅陇路门岗,徐汇支队,,171.460007,6.123571,0,0,0,0.000000,0,0
上海市工人疗养院,长宁支队,碧声建设工程（上海）有限公司,18798.289062,671.367432,161,0,0,0.000000,0,0
东方国际金融广场,黄浦支队,上海旻泰安全科技有限公司,120000.000000,4285.714355,786,0,0,0.000000,0,0
上海锦江汤臣洲际大酒店,浦东支队,,54120.000000,1932.857178,0,0,0,0.000000,0,0
兰生大厦,黄浦支队;卢湾支队,上海东浩兰生信息科技有限公司,59273.000000,2116.892822,0,0,0,0.000000,0,0
舜元企业发展大厦,,上海群名数码科技有限公司,8000.000000,285.714294,230,0,0,0.000000,0,0
如家快捷天钥桥路酒店,,,6600.000000,235.714294,0,0,0,0.000000,0,0
上海市汇阳广场,,上海星湃数据科技有限公司,101200.000000,3614.285889,0,0,0,0.000000,0,0
上海市社会主义学院-学生宿舍1-6单元,徐汇支队,上海伟梦物联网科技有限公司,4836.959961,172.748566,0,0,0,0.000000,0,0
静安高和大厦,,,31000.000000,1107.142822,0,0,0,0.000000,0,0
上海农产品中心批发市场经营管理有限公司-交易大厅,,上海特领达科技有限公司,51133.000000,1826.178589,0,0,0,0.000000,1,18
金虹桥国际中心-A栋,长宁支队,上海伟梦物联网科技有限公司,31249.000000,1116.035645,615,0,0,0.000000,1,1
渣打银行大厦,浦东支队,,53606.300781,1914.510742,0,0,0,0.000000,0,0
华泰中心-9号楼,嘉定支队,,1863.569946,66.556068,0,0,0,0.000000,0,0
上海中庚环球创意中心-T3,闵行支队,上海旻泰安全科技有限公司,185224.000000,6615.143066,0,0,0,0.000000,0,0
上海宝安大厦,浦东支队,上海意静信息科技有限公司,91305.000000,3260.892822,590,0,0,0.000000,0,0
舜元科创大厦,,上海群名数码科技有限公司,9975.000000,356.250000,85,0,0,0.000000,0,0
华泰中心-8号楼,嘉定支队,,2355.149902,84.112495,0,0,0,0.000000,0,0
浦江万达广场,闵行支队,珠海万达商业管理集团股份有限公司,150000.000000,5357.143066,1028,0,0,0.000000,0,0
经纬汇2#楼,宝山支队,上海伟梦物联网科技有限公司,13692.450195,489.016083,0,0,0,0.000000,0,0
浦东嘉里城-超高层,浦东支队,,330000.000000,11785.714844,0,0,0,0.000000,0,0
经纬汇6#楼,宝山支队,上海伟梦物联网科技有限公司,31046.080078,1108.788574,0,0,0,0.000000,0,0
南翔五彩城,嘉定支队,上海旻泰安全科技有限公司,40070.000000,1431.071411,2336,25,46,1.840000,25,79
世纪金融广场3号楼,浦东支队,上海安保消防技术有限公司,76778.000000,2742.071289,0,0,0,0.000000,0,0
恒隆广场办公楼二期,静安支队,上海通成安保消防工程有限公司,81289.000000,2903.178467,0,0,0,0.000000,0,0
港汇中心一座二座,徐汇支队,,67000.000000,2392.857178,0,0,0,0.000000,0,0
上海商城裙房,静安支队;上海总队,上海伟梦物联网科技有限公司,92181.000000,3292.178467,4,0,0,0.000000,0,0
上海颐养第一敬老院,长宁支队,,1478.000000,52.785717,0,0,0,0.000000,0,0
上海第一八佰伴新世纪商厦,浦东支队,上海伟梦物联网科技有限公司,144000.000000,5142.857422,1303,17,32,1.882353,0,0
上海世茂广场,黄浦支队;上海总队,上海百公信息科技有限公司,58044.000000,2073.000000,1382,2,6,3.000000,0,0
上海商城裙房,静安支队;上海总队,上海伟梦物联网科技有限公司,92181.000000,3292.178467,365,0,0,0.000000,0,0
光华楼,,上海伟梦物联网科技有限公司,120000.000000,4285.714355,0,0,0,0.000000,0,0
上坤上街,宝山支队,上海瑞眼科技有限公司,54750.000000,1955.357178,88,0,0,0.000000,0,0
百联南方购物中心一区,闵行支队," 上海中泰消防科技有限公司",80310.000000,2868.214355,247,0,0,0.000000,0,0
百联南方购物中心二区,闵行支队," 上海中泰消防科技有限公司",63924.000000,2283.000000,71,0,0,0.000000,0,0
宝钢大厦,浦东支队,腾御(上海)信息科技有限公司,76000.000000,2714.285645,0,0,0,0.000000,0,0
大宁音乐广场-I座,静安支队,上海环宇消防集团有限公司,5622.000000,200.785721,3433,0,0,0.000000,0,0
罗香校区-辅楼（西楼）,徐汇支队,,1523.000000,54.392860,0,0,0,0.000000,0,0
大华锦绣华城4-13地块商业项目,,苏州思迪信息技术有限公司,18044.839844,644.458557,0,0,0,0.000000,0,0
森兰花园城,浦东支队,上海永天科技股份有限公司,80259.000000,2866.392822,57,0,0,0.000000,0,0
华泰中心-22号楼,嘉定支队,,1940.260010,69.294998,0,0,0,0.000000,0,0
BFC外滩金融中心(综合体),黄浦支队,上海中阳建设工程有限公司,426073.000000,15216.893555,419,6,7,1.166667,0,0
中华人民共和国名誉主席宋庆龄陵园管理处,长宁支队,上海易达通信有限公司,1.000000,0.035714,31,0,0,0.000000,0,0
上海环贸广场-T1办公楼,徐汇支队,上海伟梦物联网科技有限公司,59972.000000,2141.857178,40,0,0,0.000000,0,0
海通证券大厦,黄浦支队,上海星湃数据科技有限公司,70899.109375,2532.111084,27,1,4,4.000000,1,4
虹桥南丰城-超高层B栋,,上海伟梦物联网科技有限公司,171297.000000,6117.750000,1558,0,0,0.000000,0,0
大华锦绣华城,,,33385.000000,1192.321411,0,0,0,0.000000,0,0
绿地商务大厦,," 上海中泰消防科技有限公司",30183.029297,1077.965332,172,0,0,0.000000,0,0
汽车·创新港-19号楼,嘉定支队,上海意静信息科技有限公司,7623.750000,272.276794,1921,0,0,0.000000,1,1
工银大厦,浦东支队,上海瑞眼科技有限公司,156587.859375,5592.423828,839,2,4,2.000000,0,0
民防大厦,卢湾支队;黄浦支队,上海中阳建设工程有限公司,50080.000000,1788.571411,170,2,3,1.500000,0,0
凯德七宝购物广场,闵行支队,上海伟梦物联网科技有限公司,83986.000000,2999.500000,35,0,0,0.000000,0,0
金茂大厦,浦东支队,,290000.000000,10357.142578,0,0,0,0.000000,0,0
虹桥艺术中心,长宁支队,上海瑞眼科技有限公司,10800.000000,385.714294,53,0,0,0.000000,0,0
建行大厦,浦东支队,上海旻泰安全科技有限公司,108465.710938,3873.775635,9169,2,4,2.000000,0,0
仲盛世界商城,闵行支队,上海旻泰安全科技有限公司,280419.000000,10014.964844,0,0,0,0.000000,0,0
新梅联合广场A座,浦东支队,上海瑞眼科技有限公司,106840.000000,3815.714355,0,0,0,0.000000,0,0
恒大长青商城（长青商贸中心）,,,13646.610352,487.378937,0,0,0,0.000000,0,0
中国船舶大厦,浦东支队,上海景文同安机电消防工程有限公司,44393.000000,1585.464233,0,0,0,0.000000,0,0
宝山花园城,宝山支队,上海永天科技股份有限公司,47531.898438,1697.567871,22,0,0,0.000000,0,0
恒生万鹂广场,浦东支队,上海意静信息科技有限公司,143938.000000,5140.643066,0,0,0,0.000000,0,0
裕景大饭店,浦东支队,,120000.000000,4285.714355,0,0,0,0.000000,0,0
兆益科技园,长宁支队,上海群名数码科技有限公司,6634.000000,236.928589,90,0,0,0.000000,0,0
国家会展中心（上海）—B栋办公楼,上海总队,,77566.000000,2770.214355,0,0,0,0.000000,0,0
上海彩生活时代广场,,上海意静信息科技有限公司,70861.273438,2530.759766,0,0,0,0.000000,0,0
证大喜玛拉雅中心,浦东支队,上海欧萨数据技术有限公司,164549.000000,5876.750000,0,0,0,0.000000,0,0
国际港务大厦,水上支队," 上海中泰消防科技有限公司",57781.601562,2063.628662,0,0,0,0.000000,0,0
上海山海艺术家俱有限公司,宝山支队,上海欧萨数据技术有限公司,189000.000000,6750.000000,256,0,0,0.000000,0,0
同达创业大厦,长宁支队,上海星湃数据科技有限公司,36820.000000,1315.000000,17,0,0,0.000000,0,0
上海外滩茂悦大酒店,虹口支队,上海易达通信有限公司,100972.000000,3606.143066,0,0,0,0.000000,0,0
上海新世界大丸百货,黄浦支队,上海瑞眼科技有限公司,118000.000000,4214.285645,4019,3,3,1.000000,0,0
信业购物中心,嘉定支队,苏州思迪信息技术有限公司,147562.093750,5270.074707,0,0,0,0.000000,0,0
国际航运金融大厦,浦东支队,上海鼎消科技股份有限公司,120000.000000,4285.714355,0,0,0,0.000000,0,0
静安嘉里中心,,上海伟梦物联网科技有限公司,84211.203125,3007.542969,109,0,0,0.000000,0,0
汇恒商务大厦-汇宝购物中心,闵行支队,上海旻泰安全科技有限公司,63940.000000,2283.571533,0,0,0,0.000000,0,0
房土大厦,嘉定支队,苏州思迪信息技术有限公司,13300.000000,475.000000,0,0,0,0.000000,0,0
北外滩来福士,虹口支队,上海伟梦物联网科技有限公司,440353.375000,15726.906250,823,4,6,1.500000,6,20
上海双立人亨克斯有限公司-仓储楼,,,44508.000000,1589.571411,0,0,0,0.000000,0,0
中信广场,虹口支队,上海鼎消科技股份有限公司,147000.000000,5250.000000,0,0,0,0.000000,0,0
嘉定中信泰富万达广场,嘉定支队,上海旻泰安全科技有限公司;珠海万达商业管理集团股份有限公司,192800.000000,6885.714355,1137,0,0,0.000000,0,0
华源世界广场,普陀支队,上海易达通信有限公司,42710.371094,1525.370361,0,0,0,0.000000,0,0
国家会展中心（上海）—C栋办公楼,上海总队,,77566.000000,2770.214355,0,0,0,0.000000,0,0
天山停车场（双层）,,上海瑞眼科技有限公司,54144.449219,1933.730347,143,0,0,0.000000,0,0
上海百联金山购物中心有限公司,金山支队,上海瑞眼科技有限公司,86232.000000,3079.714355,3674,29,149,5.137931,5,18
春秋国际大厦,长宁支队,上海群名数码科技有限公司,7500.000000,267.857147,34,0,0,0.000000,0,0
上海方舟综合市场经营管理有限公司,,,33186.000000,1185.214355,0,0,0,0.000000,0,0
上海嘉里中心,静安支队,,87000.000000,3107.142822,0,0,0,0.000000,0,0
虹桥东方国信商务广场,长宁支队,上海泓奥信息科技有限公司,73000.000000,2607.142822,52,0,0,0.000000,1,2
阳光天地,浦东支队,上海意静信息科技有限公司,255722.000000,9132.928711,113,0,0,0.000000,0,0
壹丰广场,,上海瑞眼科技有限公司,76389.921875,2728.211426,0,2,5,2.500000,0,0
汽车·创新港-7号楼,嘉定支队,,7166.100098,255.932144,0,0,0,0.000000,0,0
吴泾宝龙广场,,消防云（上海）科技有限公司,57000.000000,2035.714355,0,0,0,0.000000,0,0
辽油大厦,,上海群名数码科技有限公司,2500.000000,89.285713,28,0,0,0.000000,0,0
上视大厦,静安支队,上海物雄信息技术有限公司,57000.000000,2035.714355,10,3,114,38.000000,1,11
国家会展中心（上海）—A栋办公楼,上海总队,,77566.000000,2770.214355,0,0,0,0.000000,0,0
新漕河泾国际商务中心-A座,徐汇支队,上海至胜智能科技股份有限公司,188294.000000,6724.786133,0,0,0,0.000000,0,0
七莘红点城,," 上海中泰消防科技有限公司",87188.796875,3113.885742,0,0,0,0.000000,0,0
金融街海伦中心,虹口支队,上海旻泰安全科技有限公司,168009.000000,6000.321777,0,0,0,0.000000,0,0
外滩SOHO-E栋,黄浦支队,上海瑞眼科技有限公司,13962.620117,498.665009,4,0,0,0.000000,0,0
上海宝山万达商业广场,宝山支队,珠海万达商业管理集团股份有限公司,19700.000000,703.571411,236,0,0,0.000000,0,0
新梅联合广场B座,浦东支队,上海瑞眼科技有限公司,106840.000000,3815.714355,0,0,0,0.000000,0,0
绿地和创大厦,,,59000.000000,2107.142822,0,0,0,0.000000,0,0
中港汇（黄浦）,黄浦支队,上海伟梦物联网科技有限公司,99595.000000,3556.964355,4700,2,4,2.000000,0,0
静安大融城商业3号楼,静安支队,上海百公信息科技有限公司,5826.000000,208.071426,0,0,0,0.000000,0,0
凯健大楼,徐汇支队,上海欧萨数据技术有限公司,5000.000000,178.571426,68,0,0,0.000000,0,0
大宁音乐广场-F座,静安支队,上海环宇消防集团有限公司,5078.919922,181.389999,501,0,0,0.000000,0,0
青浦奥特莱斯广场,,腾御(上海)信息科技有限公司,110543.062500,3947.966797,0,0,0,0.000000,0,0
正大乐城,徐汇支队,上海物雄信息技术有限公司,50000.000000,1785.714355,0,0,0,0.000000,0,0
文新大厦,静安支队,上海瑞眼科技有限公司,91348.000000,3262.428467,147,2,3,1.500000,0,0
汇智大厦,,,37858.000000,1352.071411,0,0,0,0.000000,0,0
徐汇区文化馆,,上海群名数码科技有限公司,11887.000000,424.535706,0,0,0,0.000000,0,0
中国科学院上海学术活动中心,徐汇支队,,21000.000000,750.000000,0,0,0,0.000000,0,0
上海苏宁宝丽嘉酒店,,,47775.761719,1706.277222,0,0,0,0.000000,0,0
静安中华大厦,静安支队,上海昊想智能科技有限公司,42086.000000,1503.071533,357,0,0,0.000000,0,0
虹桥国际商务花园尚品都汇,," 上海中泰消防科技有限公司",879399.250000,31407.115234,140,0,0,0.000000,0,0
无限极大厦,黄浦支队,上海瑞眼科技有限公司,118800.000000,4242.857422,13,6,6,1.000000,7,22
静安嘉里中心T1座办公楼,静安支队,,84211.000000,3007.535645,0,0,0,0.000000,0,0
上海电力医院,长宁支队,上海瑞眼科技有限公司,34118.898438,1218.532104,81,1,2,2.000000,0,0
凌云壹街坊,徐汇支队,上海伟梦物联网科技有限公司,46769.000000,1670.321411,0,0,0,0.000000,10,64
太阳广场,长宁支队,上海易达通信有限公司,72000.000000,2571.428711,495,0,0,0.000000,0,0
青浦忆华里三期-吾悦广场,青浦支队,上海瑞眼科技有限公司,162517.359375,5804.191406,0,0,0,0.000000,0,0
商场办公楼,嘉定支队,,35403.941406,1264.426514,0,0,0,0.000000,0,0
疾控中心1/2号楼,,上海易达通信有限公司,11067.000000,395.250000,49,0,0,0.000000,0,0
博华广场,静安支队,上海永天科技股份有限公司,21038.000000,751.357178,2298,0,0,0.000000,0,0
汽车·创新港-16号楼,嘉定支队,,9919.910156,354.282501,0,0,0,0.000000,0,0
合生国际广场-大型综合体,杨浦支队,上海瑞眼科技有限公司,329200.000000,11757.142578,8594,20,33,1.650000,28,34
徐汇苑大厦,徐汇支队,,43370.000000,1548.928589,0,0,0,0.000000,0,0
上海服装（集团）有限公司,长宁支队,上海琛舟物联网科技有限公司,1.000000,0.035714,0,0,0,0.000000,0,0
晓富金融大厦,浦东支队,上海鼎消科技股份有限公司,104511.492188,3732.553467,9,1,1,1.000000,0,0
中融国际大厦,浦东支队,,64266.000000,2295.214355,0,0,0,0.000000,0,0
百联世纪购物中心,浦东支队,上海昊昙电子科技有限公司,78018.000000,2786.357178,11,0,0,0.000000,0,0
宝乐汇,宝山支队,上海伟梦物联网科技有限公司,100000.000000,3571.428711,0,0,0,0.000000,0,0
来福士,,上海伟梦物联网科技有限公司,120000.000000,4285.714355,1923,0,0,0.000000,0,0
桔子瑞金南路店,,,165.000000,5.892857,0,0,0,0.000000,0,0
上海丽璟国际大酒店,浦东支队,上海欧萨数据技术有限公司,68043.000000,2430.107178,0,0,0,0.000000,0,0
北上海商业广场,宝山支队,上海伟梦物联网科技有限公司,73227.351562,2615.262695,0,0,0,0.000000,0,0
申波路398号,,,4912.189941,175.435364,0,0,0,0.000000,0,0
香港广场北座,黄浦支队,上海瑞眼科技有限公司,70000.000000,2500.000000,114,0,0,0.000000,2,4
衡山宾馆,徐汇支队,,1500.000000,53.571430,0,0,0,0.000000,0,0
世纪汇一座,浦东支队,上海伟梦物联网科技有限公司,68622.000000,2450.785889,74,0,0,0.000000,0,0
徐汇梅陇商业中心2号楼,徐汇支队,上海伟梦物联网科技有限公司,18105.599609,646.628540,52,0,0,0.000000,0,0
新亚商务大厦,长宁支队,上海群名数码科技有限公司,11845.200195,423.042877,110,0,0,0.000000,0,0
上海大学嘉定校区-第二教学楼,嘉定支队,,4029.000000,143.892853,0,0,0,0.000000,0,0
鹿都国际购物广场,松江支队,上海瑞眼科技有限公司,72462.609375,2587.950195,0,0,0,0.000000,0,0
凯科国际大厦,徐汇支队,上海伟梦物联网科技有限公司,40444.898438,1444.460693,0,0,0,0.000000,0,0
创兴金融中心,黄浦支队,上海伟梦物联网科技有限公司,68662.000000,2452.214355,0,0,0,0.000000,0,0
宝武大厦二号楼,浦东支队,上海亨朔智能科技有限公司,23680.199219,845.721436,167,0,0,0.000000,0,0
恒大茶叶古玩城,,,20000.000000,714.285706,0,0,0,0.000000,0,0
上海中庚环球创意中心-T1,闵行支队,上海旻泰安全科技有限公司,185224.000000,6615.143066,0,0,0,0.000000,0,0
国家会展中心（上海）—商业楼,上海总队,,207644.000000,7415.857422,0,0,0,0.000000,0,0
上海松江万达广场,松江支队,珠海万达商业管理集团股份有限公司,186874.000000,6674.071777,1518,0,0,0.000000,0,0
虹桥南丰城-大型综合体,,上海伟梦物联网科技有限公司,171297.000000,6117.750000,4752,0,0,0.000000,6,16
南翔大润发,嘉定支队,,26000.000000,928.571472,0,0,0,0.000000,0,0
上海汇金百货有限公司,徐汇支队,,54371.898438,1941.853638,0,0,0,0.000000,0,0
乐虹坊,,腾御(上海)信息科技有限公司,40482.039062,1445.787109,0,0,0,0.000000,0,0
上海国金中心二期办公楼,,上海伟梦物联网科技有限公司,135855.000000,4851.964355,79,1,2,2.000000,0,0
江桥万达广场,嘉定支队,珠海万达商业管理集团股份有限公司,220000.000000,7857.143066,3933,0,0,0.000000,0,0
上海徐汇区金色港湾龙华颐养院,,,1405.000000,50.178574,0,0,0,0.000000,0,0
东亚银行金融大厦,浦东支队,,91361.000000,3262.892822,0,0,0,0.000000,0,0
古北SOHO广场,长宁支队,碧声建设工程（上海）有限公司,158648.453125,5666.016602,228,0,0,0.000000,0,0
虹桥商务大厦,长宁支队,上海瑞眼科技有限公司,93200.000000,3328.571533,361,0,0,0.000000,1,2
泰康保险大厦,浦东支队,上海伟梦物联网科技有限公司,90000.000000,3214.285889,273,1,1,1.000000,1,1
东方明珠塔,浦东支队,上海伟梦物联网科技有限公司,73000.000000,2607.142822,0,0,0,0.000000,0,0
上海市浦东新区精神卫生中心-2号楼,,,9300.490234,332.160370,0,0,0,0.000000,0,0
百联滨江购物中心,杨浦支队,上海瑞眼科技有限公司,85286.000000,3045.928467,149,3,12,4.000000,0,0
百联川沙购物中心,浦东支队,上海昊昙电子科技有限公司,92896.000000,3317.714111,92,0,0,0.000000,0,0
希杰储运(上海)有限公司,嘉定支队,上海泓奥信息科技有限公司,31292.949219,1117.605347,12,0,0,0.000000,0,0
上海亭枫商务酒店有限公司,长宁支队,上海易达通信有限公司,6497.000000,232.035721,12,0,0,0.000000,0,0
中信泰富广场,静安支队,上海瑞眼科技有限公司,132276.593750,4724.164062,642,9,9,1.000000,0,0
上海嘉定园区-五号库,嘉定支队,,22123.400391,790.121460,0,0,0,0.000000,0,0
上海中庚漫游城,闵行支队,上海旻泰安全科技有限公司,111135.796875,3969.135742,0,0,0,0.000000,0,0
外滩SOHO-D栋,黄浦支队,上海瑞眼科技有限公司,16080.820312,574.315002,98,1,1,1.000000,0,0
虹桥南丰城-超高层A栋,长宁支队,上海伟梦物联网科技有限公司,171297.000000,6117.750000,737,0,0,0.000000,0,0
上海通茂大酒店,浦东支队,,53167.000000,1898.821533,0,0,0,0.000000,0,0
上海沪客隆招商市场有限公司,宝山支队,上海科来屋信息技术有限公司;上海永天科技股份有限公司,65000.000000,2321.428711,0,0,0,0.000000,0,0
锦辉大厦,,,19600.000000,700.000000,0,0,0,0.000000,0,0
上海馥邦购物中心有限公司,长宁支队,上海霆安智能科技有限公司,25130.000000,897.500000,39,0,0,0.000000,1,133
保利时光里,徐汇支队,上海鼎消科技股份有限公司,47020.000000,1679.285767,0,13,284,21.846153,4,7
经纬汇3#楼,宝山支队,上海伟梦物联网科技有限公司,27457.660156,980.630798,0,0,0,0.000000,0,0
上海隆桥酒店管理有限公司-凤宜综合楼,,,13000.000000,464.285736,0,0,0,0.000000,0,0
星荟中心商场-超高层,虹口支队,上海伟梦物联网科技有限公司,246313.000000,8796.893555,0,0,0,0.000000,0,0
日月光中心商场,黄浦支队;卢湾支队,上海瑞眼科技有限公司,222317.000000,7939.892578,581,2,10,5.000000,0,0
金茂大厦,浦东支队,,290000.000000,10357.142578,0,0,0,0.000000,0,0
远东国际广场,长宁支队,上海易达通信有限公司,103354.617188,3691.236572,0,0,0,0.000000,0,0
汽车·创新港-5号楼,嘉定支队,,5798.669922,207.095367,0,0,0,0.000000,0,0
嘉会国际医院,,,147981.000000,5285.035645,0,0,0,0.000000,0,0
航运服务大厦,水上支队," 上海中泰消防科技有限公司",48071.000000,1716.821533,0,0,0,0.000000,0,0
中国太平洋保险股份有限公司交银金融大厦南楼,浦东支队,,36332.699219,1297.596436,0,0,0,0.000000,0,0
均瑶国际广场,徐汇支队,上海意静信息科技有限公司,75800.000000,2707.142822,0,0,0,0.000000,0,0
上海东锦江大酒店有限公司,浦东支队,,74345.351562,2655.191162,0,0,0,0.000000,0,0
长宁精神卫生中心,长宁支队,上海瑞眼科技有限公司,146700.000000,5239.285645,123,1,1,1.000000,0,0
外滩英迪格酒店,黄浦支队,上海瑞眼科技有限公司,29558.000000,1055.642944,142,0,0,0.000000,0,0
上海红塔大酒店,浦东支队,上海瑞眼科技有限公司,59200.000000,2114.285645,78,1,1,1.000000,0,0
五角场万达广场,杨浦支队,珠海万达商业管理集团股份有限公司;上海意静信息科技有限公司,252288.046875,9010.287109,398,1,2,2.000000,2,2
中国保险大厦,浦东支队,上海欧萨数据技术有限公司,72000.000000,2571.428711,0,0,0,0.000000,0,0
圣爱大厦,徐汇支队,上海伟梦物联网科技有限公司,53400.000000,1907.142944,93,0,0,0.000000,0,0
上海虹桥良华购物广场,,上海旻泰安全科技有限公司,40200.000000,1435.714355,0,1,5,5.000000,0,0
平正大厦,嘉定支队,,13900.000000,496.428589,0,0,0,0.000000,0,0
维璟印象城,闵行支队,上海伟梦物联网科技有限公司,173450.000000,6194.643066,341,0,0,0.000000,0,0
虹桥食尚天地,,上海易达通信有限公司,32401.529297,1157.197510,0,0,0,0.000000,0,0
绿地（周浦）缤纷广场,浦东支队,上海百公信息科技有限公司,80024.000000,2858.000000,100,17,1817,106.882355,0,0
汇金百货虹桥店,长宁支队,上海瑞眼科技有限公司,39385.511719,1406.625488,466,0,0,0.000000,0,0
好饰家一号馆,,,35000.000000,1250.000000,0,0,0,0.000000,0,0
新概念大厦,,,24086.000000,860.214355,0,0,0,0.000000,0,0
上海健康医学院徐汇校区-第一实验楼,徐汇支队,上海伟梦物联网科技有限公司,4423.000000,157.964279,0,0,0,0.000000,0,0
上海多媒体产业园发展有限公司-大型综合体,长宁支队,上海意静信息科技有限公司,65000.000000,2321.428711,182,0,0,0.000000,0,0
华泰中心-21号楼,嘉定支队,,5546.129883,198.076065,0,0,0,0.000000,0,0
飞航广场二期大楼,,上海星湃数据科技有限公司,59864.000000,2138.000000,0,0,0,0.000000,0,0
金钟广场,卢湾支队;黄浦支队," 上海中泰消防科技有限公司",91900.000000,3282.142822,0,0,0,0.000000,0,0
上海大学嘉定校区-第一教学楼,嘉定支队,,8795.000000,314.107147,0,0,0,0.000000,0,0
百联南方购物中心三区,闵行支队," 上海中泰消防科技有限公司",30099.000000,1074.964233,158,0,0,0.000000,0,0
虹桥天地购物中心,闵行支队,上海旻泰安全科技有限公司,86890.000000,3103.214355,11,0,0,0.000000,0,0
龙湖上海宝山天街,宝山支队,上海永天科技股份有限公司,143428.000000,5122.428711,3936,0,0,0.000000,0,0
金桥国际商业广场,浦东支队,上海中阳建设工程有限公司,178472.843750,6374.030762,0,0,0,0.000000,0,0
金砖大厦,浦东支队,上海伟梦物联网科技有限公司,110000.000000,3928.571533,0,0,0,0.000000,0,0
华夏银行大厦,浦东支队,上海伟梦物联网科技有限公司,71480.000000,2552.857178,0,0,0,0.000000,0,0
徐汇日月光中心,徐汇支队,上海伟梦物联网科技有限公司,130738.000000,4669.214355,0,0,0,0.000000,0,0
港陆广场,黄浦支队,上海群名数码科技有限公司,54812.000000,1957.571533,127,0,0,0.000000,0,0
汽车·创新港-11号楼,嘉定支队,,6191.240234,221.115723,0,0,0,0.000000,0,0
绿地翡翠国际广场,奉贤支队,,131643.000000,4701.535645,0,0,0,0.000000,0,0
航汇大厦,,,80000.000000,2857.142822,0,0,0,0.000000,0,0
中国农业银行上海嘉定支行办公楼,嘉定支队,,14690.000000,524.642883,0,0,0,0.000000,0,0
颐康家园-1号楼,嘉定支队,,12259.000000,437.821442,0,0,0,0.000000,0,0
复地活力城,浦东支队,腾御(上海)信息科技有限公司,98141.000000,3505.035645,2206,2,3,1.500000,6,7
龙之梦购物公园,长宁支队,上海伟梦物联网科技有限公司,210000.000000,7500.000000,6068,18,475,26.388889,13,67
上海龙群,徐汇支队,上海意静信息科技有限公司,4700.000000,167.857147,5,0,0,0.000000,0,0
华闻国际大厦,长宁支队,上海金盾消防智能科技有限公司,1.000000,0.035714,0,0,0,0.000000,0,0
宜家家居北蔡商场,,,124600.000000,4450.000000,0,0,0,0.000000,0,0
罗香校区-教学楼,徐汇支队,上海意静信息科技有限公司,4139.000000,147.821426,2,0,0,0.000000,0,0
上海云都酒店管理有限公司云都虹桥大厦物业管理处,长宁支队,碧声建设工程（上海）有限公司,1.000000,0.035714,68,0,0,0.000000,0,0
福缘湾·九华商业广场,长宁支队,上海中阳建设工程有限公司,31210.000000,1114.642822,109,0,0,0.000000,0,0
汽车·创新港-15号楼,嘉定支队,,9243.910156,330.139648,0,0,0,0.000000,0,0
西岸智塔东塔楼,,上海旻泰安全科技有限公司,239100.328125,8539.297852,6805,3,7,2.333333,0,0
世纪金融大厦,浦东支队,,65000.000000,2321.428711,0,0,0,0.000000,0,0
玩酷天地555美食广场,,上海星湃数据科技有限公司,37000.000000,1321.428589,0,0,0,0.000000,0,0
晶耀商务广场商场东区,浦东支队,上海伟梦物联网科技有限公司,32539.880859,1162.138550,201,0,0,0.000000,1,3
新华联购物中心,闵行支队,上海物雄信息技术有限公司,90867.000000,3245.250244,0,0,0,0.000000,0,0
百联青浦购物中心（富绅中心）,,,100217.000000,3579.178711,0,0,0,0.000000,0,0
静安国际中心,静安支队,上海鼎消科技股份有限公司,211905.562500,7568.056152,600,13,1736,133.538467,7,76
中房金谊广场,浦东支队,上海昊昙电子科技有限公司,79560.000000,2841.428711,122,0,0,0.000000,0,0
前滩世贸中心一期A座,浦东支队,上海安保消防技术有限公司,39000.238281,1392.865723,0,0,0,0.000000,1,6
国家会展中心（上海）—G区车库,上海总队,,102587.000000,3663.821533,0,0,0,0.000000,0,0
陆家嘴商务广场,浦东支队,上海安保消防技术有限公司,98531.000000,3518.964111,0,0,0,0.000000,0,0
华能联合大厦,浦东支队,上海鼎消科技股份有限公司,73133.000000,2611.892822,0,0,0,0.000000,0,0
五角场万达广场-A座写字楼,,,30039.080078,1072.824341,95,0,0,0.000000,0,0
上海洲际房地产,长宁支队,上海景文同安机电消防工程有限公司,27588.619141,985.307800,611,0,0,0.000000,0,0
顺恒广场,,上海伟梦物联网科技有限公司,46330.000000,1654.642944,0,0,0,0.000000,0,0
静安昆仑大酒店,静安支队;上海总队,上海泓奥信息科技有限公司,69244.000000,2473.000000,13,1,22,22.000000,0,0
航天大厦南楼,,,17043.000000,608.678589,0,0,0,0.000000,0,0
大宁音乐广场-H座,静安支队,上海环宇消防集团有限公司,27895.199219,996.257141,238,0,0,0.000000,0,0
企业天地5号楼,卢湾支队;黄浦支队,上海瑞眼科技有限公司,102330.453125,3654.658936,533,8,8,1.000000,0,0
上海嘉定凯悦酒店,嘉定支队,江苏万友消防安全远程监控系统有限公司,53266.730469,1902.383179,2287,0,0,0.000000,0,0
静安嘉里中心二座,,上海伟梦物联网科技有限公司,109784.296875,3920.867920,674,0,0,0.000000,0,0
外滩中心,黄浦支队;上海总队," 上海中泰消防科技有限公司",131471.000000,4695.392578,307,2,6,3.000000,2,5
数娱大厦,,,21768.730469,777.454651,0,0,0,0.000000,0,0
中国平安金融大厦,浦东支队,上海瑞眼科技有限公司,163957.906250,5855.639648,23,5,7,1.400000,0,0
中国科学院上海硅酸盐研究所,长宁支队,上海特领达科技有限公司,1.000000,0.035714,60,0,0,0.000000,0,0
中海油大厦,长宁支队,上海瑞眼科技有限公司,47482.699219,1695.810791,545,0,0,0.000000,0,0
大宁音乐广场-B座,静安支队,上海环宇消防集团有限公司,20008.650391,714.594666,253,0,0,0.000000,0,0
华联发展大厦,长宁支队,,12075.000000,431.250000,0,0,0,0.000000,0,0
上海虹桥雅高美爵酒店,长宁支队,上海物雄信息技术有限公司,1.000000,0.035714,0,0,0,0.000000,0,0
虎城嘉年华,宝山支队,建安科技（上海）有限公司,75000.000000,2678.571533,2,0,0,0.000000,1,4
太平金融大厦,浦东支队,上海旻泰安全科技有限公司,110579.000000,3949.250244,0,0,0,0.000000,0,0
上海龙华古寺,徐汇支队,上海伟梦物联网科技有限公司,5777.250000,206.330353,0,0,0,0.000000,0,0
上海宝格丽酒店,静安支队,上海伟梦物联网科技有限公司,67366.000000,2405.928711,33,0,0,0.000000,0,0
华泰中心-16号楼,嘉定支队,,2122.110107,75.789650,0,0,0,0.000000,0,0
静安嘉里中心T2座办公楼,静安支队,,109783.429688,3920.836670,0,0,0,0.000000,0,0
申亚时代广场,长宁支队,上海群名数码科技有限公司,23689.000000,846.035706,584,0,0,0.000000,1,2
夏都小镇C段商业,青浦支队,上海国泰消防设备有限公司,87088.000000,3110.285645,0,0,0,0.000000,1,2
T2/T3栋,,,234091.000000,8360.392578,0,0,0,0.000000,0,0
经纬汇7#楼,宝山支队,上海伟梦物联网科技有限公司,11777.400391,420.621429,0,0,0,0.000000,0,0
长江国际生活广场,宝山支队,上海浩赟智能科技有限公司,75177.000000,2684.893066,0,0,0,0.000000,0,0
宜必思尚品酒店,,,5500.000000,196.428574,0,0,0,0.000000,0,0
阳光大厦,,,21403.000000,764.392883,0,0,0,0.000000,0,0
华泰中心-20号楼,嘉定支队,,4847.000000,173.107147,0,0,0,0.000000,0,0
花旗集团大厦,浦东支队,上海伟梦物联网科技有限公司,117984.000000,4213.714355,6181,1,5,5.000000,0,0
招商局大厦,浦东支队,,74640.000000,2665.714355,0,0,0,0.000000,0,0
外滩SOHO-B栋,黄浦支队,上海瑞眼科技有限公司,16080.820312,574.315002,4,0,0,0.000000,0,0
静安嘉里中心公寓,静安支队,上海伟梦物联网科技有限公司,17811.640625,636.130005,309,0,0,0.000000,0,0
上海嘉定园区-二号库,嘉定支队,,36444.000000,1301.571411,0,0,0,0.000000,0,0
嘉里企业广场（一、二、三期）,静安支队;闸北支队,上海伟梦物联网科技有限公司,385899.000000,13782.106445,192,1,1,1.000000,0,0
达邦协作广场,静安支队;闸北支队,上海伟梦物联网科技有限公司,83921.601562,2997.200195,3297,1,2,2.000000,2,3
前滩世贸中心一期B座,浦东支队,上海安保消防技术有限公司,39000.238281,1392.865723,0,0,0,0.000000,1,6
宝莲城,宝山支队,上海科来屋信息技术有限公司,99750.000000,3562.500000,0,0,0,0.000000,0,0
农商行龙柏大楼（格林东方酒店）,长宁支队,上海瑞眼科技有限公司,31365.000000,1120.178589,733,0,0,0.000000,0,0
国家会展中心,,上海国泰消防设备有限公司,1530000.000000,54642.859375,0,0,0,0.000000,0,0
永乐广场,浦东支队,上海意静信息科技有限公司,75744.937500,2705.176270,0,0,0,0.000000,0,0
环球港写字楼,普陀支队,上海易达通信有限公司,94000.000000,3357.142822,0,0,0,0.000000,0,0
上海陆家嘴中心,浦东支队,上海安保消防技术有限公司,283468.000000,10123.857422,0,0,0,0.000000,0,0
静安大融城商业4号楼,静安支队,上海百公信息科技有限公司,3509.000000,125.321426,0,0,0,0.000000,0,0
森兰商都,浦东支队,腾御(上海)信息科技有限公司,82391.031250,2942.537109,0,3,3,1.000000,3,4
周浦万达广场,南汇支队;浦东支队,上海百公信息科技有限公司;珠海万达商业管理集团股份有限公司,16.200001,0.578571,3862,28,58,2.071429,2,2
湖北大厦,浦东支队,上海欧萨数据技术有限公司,60442.148438,2158.648193,0,30,127,4.233333,0,0
汤泉国际,长宁支队,,45319.000000,1618.535767,0,0,0,0.000000,0,0
绿地望海CBD,奉贤支队,上海亨朔智能科技有限公司,152968.406250,5463.157715,7526,5,83,16.600000,4,5
T5办公楼,浦东支队,上海伟梦物联网科技有限公司,41146.019531,1469.500732,74,0,0,0.000000,0,0
建汇大厦,徐汇支队,上海恺盛消防科技有限公司,37798.000000,1349.928589,1831,1,1,1.000000,0,0
上海利嘉宾馆,长宁支队,上海瑞眼科技有限公司,1200.000000,42.857143,40,0,0,0.000000,0,0
绿地控股全球商品贸易港,青浦支队,上海鼎消科技股份有限公司,160000.000000,5714.285645,0,0,0,0.000000,0,0
上海商城裙房,静安支队;上海总队,上海伟梦物联网科技有限公司,92181.000000,3292.178467,68,0,0,0.000000,0,0
嘉地中心-超高层,静安支队,上海永天科技股份有限公司,174743.015625,6240.821777,109,0,0,0.000000,0,0
晶品购物中心,静安支队,上海瑞眼科技有限公司,108754.000000,3884.071533,600,13,21,1.615385,0,0
外服大厦,,平安智慧城市科技股份有限公司,41740.000000,1490.714355,0,2,8,4.000000,0,0
上海师范大学天华学院,嘉定支队,,101727.851562,3633.137695,0,0,0,0.000000,0,0
百联嘉定购物中心,嘉定支队,,132838.000000,4744.214355,0,0,0,0.000000,0,0
汇银广场,徐汇支队,上海恺盛消防科技有限公司,86000.000000,3071.428711,955,0,0,0.000000,0,0
崧泽华城生活汇,,,44313.371094,1582.620361,0,0,0,0.000000,0,0
白玉兰广场-大型综合体,虹口支队,上海伟梦物联网科技有限公司,344752.000000,12312.571289,0,0,0,0.000000,0,0
华泰中心-12C,嘉定支队,,9342.009766,333.643219,0,0,0,0.000000,0,0
凤凰园大楼,徐汇支队,,37256.539062,1330.590698,0,0,0,0.000000,0,0
上海香港新世界大厦,黄浦支队,,133317.000000,4761.321777,0,0,0,0.000000,0,0
万都中心,长宁支队," 上海中泰消防科技有限公司",132000.000000,4714.285645,224,0,0,0.000000,0,0
光启城时尚购物中心,徐汇支队,上海旻泰安全科技有限公司,163589.000000,5842.464355,2155,0,0,0.000000,0,0
怀盛商业广场,,,66922.000000,2390.071533,0,0,0,0.000000,0,0
新田360广场,闵行支队,上海特领达科技有限公司,58770.398438,2098.942871,18,0,0,0.000000,1,22
凯德星贸,静安支队;闸北支队,上海伟梦物联网科技有限公司,92370.000000,3298.928711,9,0,0,0.000000,0,0
静安嘉里中心3座办公楼 （香格里拉大酒店）,静安支队,,262098.000000,9360.643555,0,0,0,0.000000,0,0
港汇中心二座,徐汇支队," 上海中泰消防科技有限公司",67000.000000,2392.857178,0,0,0,0.000000,0,0
汽车·创新港-9号楼,嘉定支队,,6189.479980,221.052856,0,0,0,0.000000,0,0
光大东、西馆,徐汇支队,上海欧萨数据技术有限公司,250369.000000,8941.750000,0,0,0,0.000000,0,0
上海京剧院,,上海意静信息科技有限公司,13000.000000,464.285736,0,0,0,0.000000,0,0
东方伟业广场,嘉定支队,上海泓奥信息科技有限公司,73347.820312,2619.565186,78,1,4,4.000000,0,0
96广场,浦东支队,,66127.000000,2361.678711,0,0,0,0.000000,0,0
地中海～开元广场,,上海群名数码科技有限公司,86000.000000,3071.428711,0,0,0,0.000000,0,0
盛高国际大厦,长宁支队,上海群名数码科技有限公司,42825.000000,1529.464355,83,0,0,0.000000,0,0
118广场,普陀支队,上海瑞眼科技有限公司,240000.000000,8571.428711,0,4,13,3.250000,1,1
青浦万达茂,青浦支队,珠海万达商业管理集团股份有限公司,237000.000000,8464.286133,1688,0,0,0.000000,0,0
中国邮政储蓄银行上海分行,虹口支队,上海欧萨数据技术有限公司,19280.000000,688.571411,0,1,3,3.000000,0,0
房地大厦,浦东支队,上海瑞眼科技有限公司,44939.320312,1604.975830,18,0,0,0.000000,0,0
上海中油阳光大酒店,浦东支队,上海瑞眼科技有限公司,67000.000000,2392.857178,217,0,0,0.000000,0,0
青浦绿地缤纷城,青浦支队,上海鼎消科技股份有限公司,70622.250000,2522.223389,0,0,0,0.000000,0,0
上海马桥万达广场,,珠海万达商业管理集团股份有限公司,136003.312500,4857.261230,931,0,0,0.000000,0,0
中城国际大厦,徐汇支队,上海易达通信有限公司,35096.000000,1253.428589,0,0,0,0.000000,0,0
上海百联南桥购物中心有限公司,奉贤支队,上海亨朔智能科技有限公司,11.060000,0.395000,6746,0,0,0.000000,0,0
恒生银行大厦,浦东支队,上海鼎消科技股份有限公司,116824.000000,4172.286133,0,0,0,0.000000,0,0
新虹桥中心大厦,长宁支队,上海星湃数据科技有限公司,87765.000000,3134.464355,25,0,0,0.000000,1,1
富绅商业中心,,,120000.000000,4285.714355,0,0,0,0.000000,0,0
上海市长宁区逸仙程桥敬老院,长宁支队,上海泓奥信息科技有限公司,10000.000000,357.142853,239,0,0,0.000000,0,0
东鼎购物中心,松江支队,上海群名数码科技有限公司,63084.031250,2253.001221,0,0,0,0.000000,0,0
兆丰世贸大厦,长宁支队,上海瑞眼科技有限公司,48837.960938,1744.212891,174,0,0,0.000000,0,0
中山国际广场,长宁支队,上海瑞眼科技有限公司,44400.000000,1585.714355,67,1,2,2.000000,0,0
巴黎春天,,,38060.000000,1359.285767,0,0,0,0.000000,0,0
第一百货商业中心,黄浦支队;上海总队,上海百公信息科技有限公司,128862.000000,4602.214355,200,0,0,0.000000,5,12
世纪汇二座,浦东支队,上海伟梦物联网科技有限公司,68530.000000,2447.500000,98,0,0,0.000000,0,0
华泰中心-10号楼,嘉定支队,,1970.810059,70.386078,0,0,0,0.000000,0,0
上海久川物业管理有限公司-天山大厦,长宁支队,上海星湃数据科技有限公司,1.000000,0.035714,13,0,0,0.000000,1,1
上海广场,黄浦支队,上海伟梦物联网科技有限公司,79750.000000,2848.214355,0,0,0,0.000000,0,0
农业大厦,,,10768.000000,384.571442,0,0,0,0.000000,0,0
山姆会员商店,,上海易达通信有限公司,33000.000000,1178.571411,0,0,0,0.000000,0,0
易家中心,金山支队,上海易达通信有限公司,148700.000000,5310.714355,0,0,0,0.000000,0,0
浦东香格里拉酒店,浦东支队,上海欧萨数据技术有限公司,140800.000000,5028.571289,0,0,0,0.000000,0,0
七宝宝龙广场,闵行支队,上海伟梦物联网科技有限公司,241409.000000,8621.750000,2992,4,9,2.250000,2,4
金虹桥国际中心-综合体,,上海伟梦物联网科技有限公司,31249.000000,1116.035645,652,0,0,0.000000,1,2
上海多媒体产业园发展有限公司-超高层,,上海瑞眼科技有限公司,65000.000000,2321.428711,8,0,0,0.000000,0,0
上海大学嘉定校区-宿舍楼,嘉定支队,,4384.000000,156.571426,0,0,0,0.000000,0,0
红星美凯龙,浦东支队,红星美凯龙家居集团股份有限公司;上海欧萨数据技术有限公司,208482.000000,7445.785645,758,0,0,0.000000,1,2
闵行商业中心-莘庄龙之梦,闵行支队,上海伟梦物联网科技有限公司,200000.000000,7142.857422,227,0,0,0.000000,0,0
SOHO天山广场,长宁支队,碧声建设工程（上海）有限公司,25594.000000,914.071411,570,0,0,0.000000,0,0
仙乐斯广场,黄浦支队," 上海中泰消防科技有限公司",95135.000000,3397.678711,98,1,1,1.000000,0,0
上海宁电投大厦,,上海易达通信有限公司,8200.000000,292.857147,6,0,0,0.000000,0,0
上海电信大楼,黄浦支队,上海瑞眼科技有限公司,54582.000000,1949.357300,0,45,67,1.488889,0,0
新世界城(新世界丽笙大酒店),黄浦支队,上海百公信息科技有限公司,65000.000000,2321.428711,531,2,3,1.500000,0,0
上海宏安物业管理有限公司光华大厦管理处,长宁支队,上海群名数码科技有限公司,1.000000,0.035714,525,1,1,1.000000,1,1
上海万象城,闵行支队,上海意静信息科技有限公司,240455.000000,8587.678711,878,0,0,0.000000,0,0
协信星光广场3号楼,静安支队;闸北支队," 上海中泰消防科技有限公司",26530.000000,947.500000,2829,0,0,0.000000,0,0
晶耀商务广场商场西区,浦东支队,上海伟梦物联网科技有限公司,4253.479980,151.910004,1407,132,261,1.977273,5,9
浦东嘉里城-大型综合体,浦东支队," 上海中泰消防科技有限公司",330000.000000,11785.714844,90,0,0,0.000000,0,0
北京世邦魏理仕物业管理有限公司上海分公司（利星行广场）,长宁支队,上海伟梦物联网科技有限公司,1.000000,0.035714,0,0,0,0.000000,0,0
经纬汇9#楼,宝山支队,上海伟梦物联网科技有限公司,8916.519531,318.447144,0,0,0,0.000000,0,0
上海中心大厦-超高层,浦东支队,上海伟梦物联网科技有限公司,577243.937500,20615.855469,0,0,0,0.000000,0,0
亚繁生活时尚（广场）,松江支队,上海星湃数据科技有限公司,79516.000000,2839.857178,0,0,0,0.000000,0,0
光明金融大厦,黄浦支队," 上海中泰消防科技有限公司",30349.580078,1083.913574,0,0,0,0.000000,0,0
海仑宾馆,黄浦支队,上海鼎消科技股份有限公司,41638.000000,1487.071411,39,1,2,2.000000,2,2
上海期货大厦,浦东支队,上海瑞眼科技有限公司,77400.000000,2764.285645,0,0,0,0.000000,0,0
SK大厦,,,200345.000000,7155.178711,0,0,0,0.000000,0,0
上海健康医学院徐汇校区-水泵房与配电间,徐汇支队,上海伟梦物联网科技有限公司,131.000000,4.678572,0,0,0,0.000000,0,0
喜来登由由大酒店,浦东支队,,85900.000000,3067.857178,0,0,0,0.000000,0,0
大宁国际商业广场,静安支队;闸北支队,上海伟梦物联网科技有限公司,160000.000000,5714.285645,454,0,0,0.000000,0,0
上海动物园-科教馆,长宁支队,,2000.000000,71.428574,0,0,0,0.000000,0,0
物资大厦,黄浦支队," 上海中泰消防科技有限公司",36734.191406,1311.935425,0,0,0,0.000000,0,0
世博源,浦东支队,上海景文同安机电消防工程有限公司,292726.000000,10454.500000,0,0,0,0.000000,0,0
上海外滩w酒店,虹口支队,上海瑞眼科技有限公司,128756.000000,4598.428711,0,0,0,0.000000,0,0
华润万家大华店,宝山支队,上海欧萨数据技术有限公司,55800.000000,1992.857178,0,0,0,0.000000,0,0
上海永升物业管理股份有限公司（旭辉虹桥国际广场）,长宁支队,上海群名数码科技有限公司,1.000000,0.035714,231,32,57,1.781250,1,2
海光大厦,浦东支队,,68217.570312,2436.341797,0,0,0,0.000000,0,0
达飚商业楼1幢,,,17641.000000,630.035706,0,0,0,0.000000,0,0
花园大厦,,上海易达通信有限公司,2480.000000,88.571426,1,0,0,0.000000,0,0
大宁音乐广场-C座,静安支队,上海环宇消防集团有限公司,5372.540039,191.876434,501,0,0,0.000000,0,0
中海环宇荟,黄浦支队,,5954.950195,212.676788,0,0,0,0.000000,0,0
嘉定大融城,嘉定支队,,12.640000,0.451429,0,0,0,0.000000,0,0
汇智国际商业中心,浦东支队,上海瑞眼科技有限公司,88697.500000,3167.767822,439,0,0,0.000000,1,3
美罗城,徐汇支队,上海星湃数据科技有限公司,67000.000000,2392.857178,8,3,6,2.000000,1,2
高帆大厦,浦东支队,上海欧萨数据技术有限公司,56900.000000,2032.142944,88,0,0,0.000000,0,0
上海九亭金地广场,,上海亨朔智能科技有限公司,94866.000000,3388.071289,0,0,0,0.000000,0,0
梦幻家园（酒店及街区）,青浦支队,上海瑞眼科技有限公司,148015.000000,5286.250000,0,0,0,0.000000,0,0
上海科技京城,黄浦支队,,206800.000000,7385.714355,0,0,0,0.000000,0,0
临港宝龙广场,浦东支队;南汇支队,消防云（上海）科技有限公司,66260.000000,2366.428711,0,0,0,0.000000,0,0
上海虹口三至喜来登酒店,虹口支队,上海瑞眼科技有限公司,72830.000000,2601.071533,0,2,4,2.000000,0,0
十六铺综合改造一期,黄浦支队,上海瑞眼科技有限公司,89323.000000,3190.107178,0,0,0,0.000000,0,0
上海市社会主义学院-食堂,徐汇支队,上海伟梦物联网科技有限公司,2664.979980,95.177856,0,0,0,0.000000,0,0
博世（中国）投资有限公司,长宁支队,上海瑞眼科技有限公司,78043.000000,2787.250000,95,0,0,0.000000,0,0
上海龙之梦雅仕大厦,,上海瑞眼科技有限公司,91031.000000,3251.107178,399,0,0,0.000000,0,0
钱江大厦,浦东支队,,47062.148438,1680.791016,0,0,0,0.000000,0,0
上海国金中心商场,,上海伟梦物联网科技有限公司,227224.000000,8115.143066,8192,19,32,1.684211,14,25
凯德晶萃广场,黄浦支队,上海伟梦物联网科技有限公司,139613.000000,4986.178711,68,0,0,0.000000,0,0
上海虹桥宾馆有限公司,长宁支队,上海泓奥信息科技有限公司,55000.000000,1964.285767,556,0,0,0.000000,0,0
全季酒店,,,2500.000000,89.285713,0,0,0,0.000000,0,0
长宁区工人文化宫,长宁支队," 上海中泰消防科技有限公司",1.000000,0.035714,7,0,0,0.000000,0,0
海益商务大厦,长宁支队,上海群名数码科技有限公司,12000.000000,428.571442,53,0,0,0.000000,0,0
嘉定日月光中心,嘉定支队,上海瑞眼科技有限公司,52109.000000,1861.035767,0,0,0,0.000000,0,0
上海国际财富中心,,上海意静信息科技有限公司;上海伟梦物联网科技有限公司,173327.000000,6190.250000,0,0,0,0.000000,0,0
经纬汇5#楼,宝山支队,上海伟梦物联网科技有限公司,10065.139648,359.469269,0,0,0,0.000000,0,0
上海普洛斯维龙物流园-厂房,嘉定支队,上海易达通信有限公司,17396.539062,621.304993,30,0,0,0.000000,0,0
静安大融城商业5号楼,静安支队,上海百公信息科技有限公司,8941.000000,319.321411,0,0,0,0.000000,0,0
吉汇大厦,虹口支队,上海瑞眼科技有限公司,93799.531250,3349.983398,0,3,6,2.000000,0,0
二十一世纪中心大厦,浦东支队,上海鼎消科技股份有限公司,110214.000000,3936.214600,66,0,0,0.000000,0,0
上海高岛屋百货有限公司,长宁支队,上海瑞眼科技有限公司,60000.000000,2142.857178,1103,22,38,1.727273,3,6
华泰中心-1号楼,嘉定支队,,7208.529785,257.447479,0,0,0,0.000000,0,0
上海电影广场-C座,徐汇支队,上海瑞眼科技有限公司,19345.000000,690.892883,342,0,0,0.000000,0,0
静安体育中心,静安支队,上海国泰消防设备有限公司,71291.101562,2546.110840,0,0,0,0.000000,0,0
宝武大厦一号楼,浦东支队,上海亨朔智能科技有限公司,93420.382812,3336.442139,452,0,0,0.000000,0,0
越秀大厦,浦东支队,上海伟梦物联网科技有限公司,62456.000000,2230.571533,0,0,0,0.000000,0,0
御华山大厦,静安支队,上海国泰消防设备有限公司,50346.000000,1798.071533,0,0,0,0.000000,0,0
宝矿洲际商务中心,静安支队;闸北支队,上海鼎消科技股份有限公司,97200.000000,3471.428711,214,14,87,6.214286,0,0
华鑫科技园-A1-A8,徐汇支队,,58307.050781,2082.394775,0,0,0,0.000000,0,0
明天广场,黄浦支队;上海总队," 上海中泰消防科技有限公司",129865.000000,4638.035645,307,6,33,5.500000,1,3
刘海粟美术馆,长宁支队,上海意静信息科技有限公司,12540.000000,447.857147,10,0,0,0.000000,0,0
经纬汇1#楼,宝山支队,,19729.330078,704.618958,0,0,0,0.000000,0,0
世纪汇广场,浦东支队,上海伟梦物联网科技有限公司,229317.500000,8189.910645,2740,0,0,0.000000,1,2
静安大融城商业1号楼,静安支队,上海百公信息科技有限公司,155977.000000,5570.607422,1019,9,67,7.444445,2,14
枫林国际中心,徐汇支队,上海琛舟物联网科技有限公司,124000.000000,4428.571289,0,0,0,0.000000,0,0
上海总商会,,,3697.000000,132.035721,0,0,0,0.000000,0,0
经纬汇8#楼,宝山支队,上海伟梦物联网科技有限公司,6651.439941,237.551422,0,0,0,0.000000,0,0
玫瑰坊商业街,长宁支队,上海易达通信有限公司,16000.000000,571.428589,19,0,0,0.000000,0,0
凯德虹口商业中心-超高层,虹口支队,上海伟梦物联网科技有限公司,282254.125000,10080.504883,1166,6,8,1.333333,0,0
上海宜家家居有限公司浦东分公司,,上海意静信息科技有限公司,124600.000000,4450.000000,0,0,0,0.000000,0,0
如家酒店,,,2000.000000,71.428574,0,0,0,0.000000,0,0
华润时代广场,浦东支队,上海旻泰安全科技有限公司,99900.000000,3567.857178,0,0,0,0.000000,0,0
华泰中心-3号楼,嘉定支队,,2298.020020,82.072144,0,0,0,0.000000,0,0
太阳宫商场,,,444128.093750,15861.717773,0,0,0,0.000000,0,0
华泰中心-23号楼,嘉定支队,,2854.590088,101.949654,0,0,0,0.000000,0,0
上海园林格兰云天大酒店,,,7000.000000,250.000000,0,0,0,0.000000,0,0
上海凯宾斯基大酒店,浦东支队,上海意静信息科技有限公司,89000.000000,3178.571533,0,0,0,0.000000,0,0
LCM置汇旭辉广场,浦东支队,上海伟梦物联网科技有限公司,241000.000000,8607.142578,4257,39,63,1.615385,7,25
百联又一城购物中心,杨浦支队,上海瑞眼科技有限公司,124981.000000,4463.606934,27,14,14,1.000000,0,0
汽车·创新港-20号楼,嘉定支队,,9917.660156,354.202148,0,0,0,0.000000,0,0
越洋广场,静安支队," 上海中泰消防科技有限公司",162000.000000,5785.714355,811,7,47,6.714286,4,6
新上海国际大厦,浦东支队," 上海中泰消防科技有限公司",81000.000000,2892.857178,0,0,0,0.000000,0,0
古美生活购物广场,,上海意静信息科技有限公司,45495.460938,1624.837891,0,0,0,0.000000,0,0
上海东方渔人码头,杨浦支队,上海鼎消科技股份有限公司,180000.000000,6428.571777,0,0,0,0.000000,0,0
中钞油墨有限公司-主厂房,,,12988.000000,463.857178,0,0,0,0.000000,0,0
国贸汇广场,徐汇支队,上海伟梦物联网科技有限公司,64659.648438,2309.273193,0,0,0,0.000000,0,0
12栋108号上海高逸尚城物业管理分公司,普陀支队,,43715.109375,1561.253906,0,0,0,0.000000,0,0
浦东新区办公中心一号楼,浦东支队,,77320.226562,2761.436523,0,0,0,0.000000,0,0
绿地乐和城商业中心,闵行支队,,45999.199219,1642.828613,0,0,0,0.000000,0,0
红星美凯龙家居MALL,金山支队,红星美凯龙家居集团股份有限公司;上海欧萨数据技术有限公司,74917.000000,2675.607178,37,0,0,0.000000,0,0
天会商务广场,,碧声建设工程（上海）有限公司,350000.000000,12500.000000,1140,1,7,7.000000,12,33
金虹桥国际中心-B栋,,上海伟梦物联网科技有限公司,31249.000000,1116.035645,2287,0,0,0.000000,0,0
支付宝大厦,浦东支队,,47627.000000,1700.964355,0,0,0,0.000000,0,0
上海市社会主义学院-学生公寓9单元,徐汇支队,,6172.279785,220.438568,0,0,0,0.000000,0,0
中国科学院院上海微系统与信息技术研究所,长宁支队,上海瑞眼科技有限公司,1580.000000,56.428574,1109,0,0,0.000000,0,0
日月光中心办公楼C座,黄浦支队,上海瑞眼科技有限公司,45596.800781,1628.457275,25,1,1,1.000000,0,0
中海国际中心A座(南楼),黄浦支队,上海百公信息科技有限公司,62632.898438,2236.889404,421,0,0,0.000000,0,0
汽车·创新港-21号楼,嘉定支队,,9415.830078,336.279663,0,0,0,0.000000,0,0
鑫都商业广场,,上海永天科技股份有限公司,38000.000000,1357.142822,0,0,0,0.000000,0,0
新漕河泾国际商务中心-B座,徐汇支队,上海至胜智能科技股份有限公司,188294.000000,6724.786133,35,0,0,0.000000,2,26
美罗大厦,,上海星湃数据科技有限公司,4993.299805,178.332138,0,0,0,0.000000,0,0
华山医院分部,长宁支队,,8400.000000,300.000000,0,0,0,0.000000,0,0
莲溪养护院,,,4900.000000,175.000000,0,0,0,0.000000,0,0
梅龙镇广场,静安支队,上海通成安保消防工程有限公司,125000.000000,4464.285645,3,0,0,0.000000,3,288
办公楼-中国商飞总部基地1号楼,浦东支队,上海亨朔智能科技有限公司,96446.000000,3444.500000,0,0,0,0.000000,0,0
科技产业化大楼AB楼,徐汇支队,,59584.000000,2128.000000,0,0,0,0.000000,0,0
景盛大厦,,,9321.000000,332.892853,0,0,0,0.000000,0,0
百联曲阳购物中心,虹口支队,上海中阳建设工程有限公司,58838.000000,2101.357178,89,0,0,0.000000,2,3
上海血液中心,长宁支队,上海瑞眼科技有限公司,25550.339844,912.512146,84,0,0,0.000000,0,0
龙湖上海闵行天街,闵行支队,上海永天科技股份有限公司,175220.000000,6257.857422,1468,0,0,0.000000,0,0
上海环球金融中心,浦东支队,上海鼎消科技股份有限公司,380000.000000,13571.428711,0,0,0,0.000000,0,0
上海市华电大厦,浦东支队,上海欧萨数据技术有限公司,60416.761719,2157.741455,320,0,0,0.000000,0,0
上海外高桥喜来登酒店,浦东支队,上海欧萨数据技术有限公司,75217.000000,2686.321533,0,0,0,0.000000,0,0
源达大厦,普陀支队,上海易达通信有限公司,70176.812500,2506.314697,0,0,0,0.000000,0,0
上海广慈敬老院,长宁支队,上海星湃数据科技有限公司,1500.000000,53.571430,11,0,0,0.000000,0,0
宁国禅寺-寺院建筑,徐汇支队,,7374.879883,263.388580,0,0,0,0.000000,0,0
中电科大厦,浦东支队,,116307.601562,4153.842773,0,0,0,0.000000,0,0
国家开发银行大厦,浦东支队,上海旻泰安全科技有限公司,81236.000000,2901.285889,0,0,0,0.000000,0,0
杨浦商城,杨浦支队,上海瑞眼科技有限公司,56937.800781,2033.493042,143,0,0,0.000000,0,0
世界金融大厦,浦东支队,上海南洋万邦软件技术有限公司 ,87758.148438,3134.219482,0,0,0,0.000000,0,0
红星美凯龙,,上海欧萨数据技术有限公司,240008.000000,8571.714844,0,17,62,3.647059,0,0
华泰中心-15号楼,嘉定支队,,6998.379883,249.942154,0,0,0,0.000000,0,0
华安养老院,,,12000.000000,428.571442,0,0,0,0.000000,0,0
鲁能国际中心C座,浦东支队,上海百公信息科技有限公司,5943.000000,212.250000,441,6,19,3.166667,0,0
港隆国际大厦,,上海瑞眼科技有限公司,42364.960938,1513.034302,0,0,0,0.000000,0,0
雅居乐万豪酒店,黄浦支队,上海瑞眼科技有限公司,93806.000000,3350.214111,702,3,3,1.000000,0,0
星荟中心商场-大型综合体,虹口支队,上海伟梦物联网科技有限公司,246313.000000,8796.893555,161,0,0,0.000000,0,0
兴业太古汇-T1,静安支队,上海伟梦物联网科技有限公司,430000.000000,15357.143555,351,0,0,0.000000,0,0
嘉正国际,嘉定支队,,43819.671875,1564.988403,0,0,0,0.000000,0,0
亿丰时代广场,浦东支队,上海欧萨数据技术有限公司,53384.000000,1906.571411,0,1,8,8.000000,0,0
汇阳广场,徐汇支队,,101200.000000,3614.285889,0,0,0,0.000000,0,0
静安嘉里中心一座,,上海伟梦物联网科技有限公司,84211.203125,3007.542969,709,0,0,0.000000,0,0
上海扬子江万丽大酒店,,上海瑞眼科技有限公司,39801.949219,1421.498169,918,0,0,0.000000,0,0
大宁音乐广场-D座,静安支队,上海环宇消防集团有限公司,1850.199951,66.078568,238,0,0,0.000000,0,0
五角场万达广场-B座写字楼,,,30316.630859,1082.736816,52,0,0,0.000000,0,0
碧玉蓝天大厦,浦东支队,上海欧萨数据技术有限公司,100954.476562,3605.516846,0,0,0,0.000000,0,0
九亭u天地,,上海群名数码科技有限公司,140984.625000,5035.165527,0,0,0,0.000000,0,0
上海浦发大厦,浦东支队,上海伟梦物联网科技有限公司,74500.000000,2660.714355,130,0,0,0.000000,0,0
港汇中心一座-港汇恒隆广场一座,徐汇支队," 上海中泰消防科技有限公司",67000.000000,2392.857178,0,0,0,0.000000,0,0
兆丰环球大厦,徐汇支队,上海瑞眼科技有限公司,68000.000000,2428.571533,484,1,1,1.000000,0,0
上海明天广场JW万豪酒店,黄浦支队,,129528.000000,4626.000000,0,0,0,0.000000,0,0
上海世纪商贸广场,徐汇支队,上海瑞眼科技有限公司,98377.000000,3513.464355,1596,63,78,1.238095,0,0
上海嘉定园区-宿舍楼,嘉定支队,,14818.000000,529.214294,0,0,0,0.000000,0,0
华泰中心-2号楼,嘉定支队,,2352.909912,84.032494,0,0,0,0.000000,0,0
上实大厦,徐汇支队,腾御(上海)信息科技有限公司,67000.000000,2392.857178,0,0,0,0.000000,0,0
绿地中心A座,徐汇支队,,35657.000000,1273.464233,0,0,0,0.000000,0,0
鑫达大厦,长宁支队,上海星湃数据科技有限公司,0.000000,0.000000,28,0,0,0.000000,0,0
港汇中心一座-上海港汇房地产开发有限公司,徐汇支队," 上海中泰消防科技有限公司",67000.000000,2392.857178,0,0,0,0.000000,0,0
新徐汇乐尔之家,徐汇支队,上海意静信息科技有限公司,4926.540039,175.947861,15,0,0,0.000000,0,0
时代金融中心,浦东支队,上海昊昙电子科技有限公司,110292.000000,3939.000244,0,0,0,0.000000,0,0
书香居-南区,嘉定支队,上海意静信息科技有限公司,93423.000000,3336.535645,4,0,0,0.000000,0,0
上海市社会主义学院-学生公寓7-8单元,徐汇支队,上海伟梦物联网科技有限公司,2846.120117,101.647148,0,0,0,0.000000,0,0
浦东嘉里大酒店,浦东支队,,117276.000000,4188.428711,0,0,0,0.000000,0,0
桥梓湾购物中心,,,63000.000000,2250.000000,0,0,0,0.000000,0,0
来福士广场,黄浦支队,上海伟梦物联网科技有限公司,165000.000000,5892.857422,4251,0,0,0.000000,0,0
嘉地中心-大型综合体,静安支队,上海永天科技股份有限公司,174743.015625,6240.821777,4577,0,0,0.000000,0,0
浦江城市生活广场,闵行支队,上海百公信息科技有限公司,45286.148438,1617.362427,0,0,0,0.000000,0,0
尚悦湾广场,浦东支队,上海瑞眼科技有限公司,74757.000000,2669.893066,422,3,3,1.000000,1,1
颐康家园-2号楼,嘉定支队,,21701.000000,775.035767,0,0,0,0.000000,0,0
东明国际大酒店-超高层,松江支队," 上海中泰消防科技有限公司",98127.000000,3504.535889,0,0,0,0.000000,0,0
上海君丽大酒店管理有限公司,长宁支队,上海景文同安机电消防工程有限公司,10345.000000,369.464294,0,1,7,7.000000,0,0
外滩SOHO-C栋,黄浦支队,上海瑞眼科技有限公司,39624.441406,1415.158569,74,2,2,1.000000,0,0
上海日航饭店,长宁支队,上海群名数码科技有限公司,47270.000000,1688.214355,67,0,0,0.000000,0,0
SOHO东海广场,静安支队,上海伟梦物联网科技有限公司,80510.000000,2875.357178,8355,0,0,0.000000,0,0
古北财富中心,长宁支队,上海永天科技股份有限公司,188512.671875,6732.595703,683,0,0,0.000000,0,0
上海名豪餐饮管理有限公司,长宁支队,上海瑞眼科技有限公司,1.000000,0.035714,164,0,0,0.000000,0,0
上海市长宁民俗文化中心,长宁支队,上海群名数码科技有限公司,0.000000,0.000000,62,0,0,0.000000,0,0
上海市社会主义学院-行政办公楼,徐汇支队,上海伟梦物联网科技有限公司,3993.570068,142.627502,0,0,0,0.000000,0,0
上海招商银行大厦,浦东支队,,120000.000000,4285.714355,0,0,0,0.000000,0,0
上海金球七宝购物中心A楼巴黎春天,,上海中阳建设工程有限公司,36500.000000,1303.571411,7,1,3,3.000000,0,0
宝杨宝龙广场,宝山支队,上海永天科技股份有限公司,148000.000000,5285.714355,0,0,0,0.000000,0,0
联合大厦,普陀支队,上海欧萨数据技术有限公司,57460.000000,2052.142822,0,0,0,0.000000,0,0
云睿酒店,徐汇支队,,11052.480469,394.731445,0,0,0,0.000000,0,0
罗宾森广场,嘉定支队,上海意静信息科技有限公司,79081.000000,2824.321533,0,0,0,0.000000,0,0
静安大悦城,静安支队;闸北支队,上海旻泰安全科技有限公司,155000.000000,5535.714355,7554,18,58,3.222222,6,14
万达广场,闵行支队,上海永天科技股份有限公司;珠海万达商业管理集团股份有限公司,147500.000000,5267.857422,3580,0,0,0.000000,0,0
龙之梦大酒店,长宁支队,上海瑞眼科技有限公司,112100.000000,4003.571533,511,0,0,0.000000,0,0
上海保利广场,浦东支队,上海欧萨数据技术有限公司,100000.000000,3571.428711,0,0,0,0.000000,0,0
889广场-大型综合体,静安支队,上海旻泰安全科技有限公司,102477.000000,3659.893066,1113,0,0,0.000000,0,0
绿地·汇中心-A栋,徐汇支队,上海旻泰安全科技有限公司,35612.000000,1271.857178,1380,0,0,0.000000,0,0
光启楼,徐汇支队,,27105.800781,968.064331,0,0,0,0.000000,0,0
上海德必易园多媒体发展有限公司,长宁支队,上海意静信息科技有限公司,15726.000000,561.642883,82,0,0,0.000000,0,0
森宏,浦东支队,上海欧萨数据技术有限公司,53000.000000,1892.857178,158,4,285,71.250000,1,2
大润发康桥店,,,48415.000000,1729.107178,0,0,0,0.000000,0,0
中天科技园1-16号楼,,,69000.000000,2464.285645,0,0,0,0.000000,0,0
世界广场,浦东支队,,86000.000000,3071.428711,0,0,0,0.000000,0,0
龙盛国际商业广场,闵行支队,上海旻泰安全科技有限公司,145000.000000,5178.571289,12,0,0,0.000000,0,0
光华中西医结合医院,长宁支队,上海瑞眼科技有限公司,10174.000000,363.357147,63,0,0,0.000000,1,1
上海证券交易所大厦,浦东支队,上海伟梦物联网科技有限公司,230244.000000,8223.000000,0,0,0,0.000000,0,0
龙之梦万丽酒店,长宁支队,上海昊昙电子科技有限公司,57519.000000,2054.250000,5,0,0,0.000000,0,0
上海市现代职业技术学校新渔校区,长宁支队,上海瑞眼科技有限公司,6920.000000,247.142868,69,0,0,0.000000,0,0
银东大厦,浦东支队,上海欧萨数据技术有限公司,52000.000000,1857.142944,0,0,0,0.000000,0,0
嘉宁国际大厦,长宁支队,上海群名数码科技有限公司,31788.000000,1135.285767,159,0,0,0.000000,0,0
华泰中心-19号楼,嘉定支队,,4882.700195,174.382156,0,0,0,0.000000,0,0
国际珠宝城,闵行支队,上海瑞眼科技有限公司,116485.000000,4160.178711,0,0,0,0.000000,0,0
上海文峰千家惠购物中心有限公司,浦东支队,上海瑞眼科技有限公司,7.000000,0.250000,95,0,0,0.000000,2,4
前滩时代广场,浦东支队,上海安保消防技术有限公司,131291.000000,4688.964355,2,0,0,0.000000,1,20
天安中心大厦,黄浦支队," 上海中泰消防科技有限公司",59370.000000,2120.357178,24,0,0,0.000000,0,0
外滩SOHO-A栋,黄浦支队,上海瑞眼科技有限公司,13668.929688,488.176056,13,0,0,0.000000,0,0
合生新天地,,上海易达通信有限公司,131400.000000,4692.857422,0,0,0,0.000000,0,0
长风大悦城,普陀支队,上海欧萨数据技术有限公司,126377.500000,4513.482422,0,0,0,0.000000,0,0
上海商城裙房,静安支队;上海总队,上海伟梦物联网科技有限公司,92181.000000,3292.178467,2,0,0,0.000000,0,0
晶耀商务广场商场北区,浦东支队,上海伟梦物联网科技有限公司,28335.419922,1011.979309,2980,1,1,1.000000,4,9
永业购物中心,青浦支队,上海旻泰安全科技有限公司,59348.421875,2119.586670,0,0,0,0.000000,0,0
长峰中心,长宁支队,上海泓奥信息科技有限公司,44173.000000,1577.607056,0,0,0,0.000000,0,0
天山停车场（多层）,,上海瑞眼科技有限公司,72240.000000,2580.000000,108,0,0,0.000000,0,0
上海崇明万达广场,崇明支队,珠海万达商业管理集团股份有限公司,16.129999,0.576071,2306,0,0,0.000000,0,0
上海市社会主义学院-后勤办公楼,徐汇支队,上海伟梦物联网科技有限公司,795.469971,28.409643,0,0,0,0.000000,0,0
大宁音乐广场-E座,静安支队,上海环宇消防集团有限公司,4446.459961,158.802139,374,0,0,0.000000,0,0
上海嘉誉国际,,,37709.398438,1346.764282,0,0,0,0.000000,0,0
菜鸟网络园区,嘉定支队,,22431.400391,801.121521,0,0,0,0.000000,0,0
交通枢纽,黄浦支队," 上海中泰消防科技有限公司",89232.000000,3186.857178,112,0,0,0.000000,0,0
梅赛德斯奔驰文化中心,浦东支队,上海伟梦物联网科技有限公司,140279.000000,5009.964355,3843,0,0,0.000000,1,4
嘉亭荟城市生活广场,嘉定支队,上海旻泰安全科技有限公司,134215.000000,4793.393066,3543,2,9,4.500000,0,0
峻岭广场,黄浦支队,上海欧萨数据技术有限公司,36000.000000,1285.714355,0,1,2,2.000000,0,0
上海禹洲商业广场,浦东支队;南汇支队,上海永天科技股份有限公司,135880.000000,4852.857422,0,0,0,0.000000,0,0
上海淮海国际广场,徐汇支队,上海琛舟物联网科技有限公司,50791.000000,1813.964355,3684,0,0,0.000000,0,0
中国金融期货交易所大厦,浦东支队,上海伟梦物联网科技有限公司,182402.000000,6514.356934,0,0,0,0.000000,0,0
巴黎春天,,上海伟梦物联网科技有限公司,43016.128906,1536.290283,2047,8,26,3.250000,8,14
东方懿德城,浦东支队,上海欧萨数据技术有限公司,62363.300781,2227.260742,0,2,19,9.500000,1,4
中星城,徐汇支队,,90000.000000,3214.285889,0,0,0,0.000000,0,0
宝龙广场,嘉定支队,消防云（上海）科技有限公司,198000.000000,7071.428711,0,0,0,0.000000,0,0
梅龙镇广场,静安支队,上海通成安保消防工程有限公司,125000.000000,4464.285645,8,0,0,0.000000,3,108
前滩荟中心,浦东支队,上海安保消防技术有限公司,191387.000000,6835.250000,0,0,0,0.000000,0,0
汽车·创新港-23号楼,嘉定支队,,5361.529785,191.483200,0,0,0,0.000000,0,0
宝石园-20号楼,徐汇支队,,46996.828125,1678.458130,0,0,0,0.000000,0,0
南翔印象城,嘉定支队,上海中阳建设工程有限公司,340000.000000,12142.857422,1445,140,264,1.885714,2,3
上海徐家汇交通大学宜山路如家酒店,,,2050.000000,73.214287,0,0,0,0.000000,0,0
889广场-超高层,静安支队,上海旻泰安全科技有限公司,102477.000000,3659.893066,4934,0,0,0.000000,1,3
美居酒店,," 上海中泰消防科技有限公司",17000.000000,607.142883,18,0,0,0.000000,0,0
汽车·创新港-22号楼,嘉定支队,,10424.320312,372.297150,0,0,0,0.000000,0,0
莲花国际广场,,上海鼎消科技股份有限公司,95150.000000,3398.214355,0,0,0,0.000000,0,0
星宝购物中心,闵行支队,上海祁瑞安全技术服务有限公司,69691.820312,2488.993652,0,1,2,2.000000,1,1
开开大厦,静安支队,上海瑞眼科技有限公司,66402.351562,2371.512695,50,0,0,0.000000,0,0
华泰中心-18号楼,嘉定支队,,1973.160034,70.470001,0,0,0,0.000000,0,0
新锦江大酒店,黄浦支队;卢湾支队;上海总队,上海百公信息科技有限公司,64023.000000,2286.535645,179,4,5,1.250000,3,4
上海嘉定园区-办公配套楼,嘉定支队,,5910.000000,211.071426,0,0,0,0.000000,0,0
中原城市广场,杨浦支队,上海瑞眼科技有限公司,67000.000000,2392.857178,174,0,0,0.000000,1,2
综合办公楼,嘉定支队,苏州思迪信息技术有限公司,52380.589844,1870.735474,0,0,0,0.000000,0,0
汽车·创新港-17号楼,嘉定支队,,9562.240234,341.508575,0,0,0,0.000000,0,0
汇金奥特莱斯北商场,徐汇支队,上海欧萨数据技术有限公司,25679.000000,917.107117,0,0,0,0.000000,0,0
星荟中心办公楼,虹口支队,,246313.000000,8796.893555,176,0,0,0.000000,0,0
亨通国际大厦,,上海群名数码科技有限公司,14778.000000,527.785767,52,0,0,0.000000,0,0
BFC外滩金融中心（超高层）,黄浦支队,上海中阳建设工程有限公司,426073.000000,15216.893555,1276,4,4,1.000000,2,2
会德丰国际广场,静安支队,上海伟梦物联网科技有限公司,159120.000000,5682.857422,1211,0,0,0.000000,0,0
汇金奥特莱斯南商场,徐汇支队,上海欧萨数据技术有限公司,20201.000000,721.464294,0,0,0,0.000000,0,0
中国证券登记结算大厦,浦东支队,上海伟梦物联网科技有限公司,104025.000000,3715.178711,0,0,0,0.000000,0,0
汽车·创新港-3号楼,嘉定支队,,6185.339844,220.904999,0,0,0,0.000000,0,0
兴业大厦,静安支队,上海伟梦物联网科技有限公司,63238.000000,2258.500000,188,0,0,0.000000,0,0
宏伊国际广场,黄浦支队,上海瑞眼科技有限公司,64641.878906,2308.638672,546,0,0,0.000000,3,4
中海国际中心B座,黄浦支队,,30238.250000,1079.937500,0,0,0,0.000000,0,0
格林豪泰长宁酒店（上海）有限公司,长宁支队,上海瑞眼科技有限公司,2080.000000,74.285713,44,0,0,0.000000,0,0
东明国际大酒店-大型综合体,," 上海中泰消防科技有限公司",98127.000000,3504.535889,0,0,0,0.000000,0,0
百联中环购物广场,普陀支队,上海百公信息科技有限公司,195376.718750,6977.740234,566,1,4,4.000000,0,0
上海中国煤炭大厦有限责任公司浦东假日酒店,浦东支队,上海伟梦物联网科技有限公司,6000.000000,214.285721,0,0,0,0.000000,0,0
国家会展中心（上海）—场馆,上海总队,,857984.000000,30642.285156,0,0,0,0.000000,0,0
上海健康医学院徐汇校区-第三宿舍,徐汇支队,上海伟梦物联网科技有限公司,4346.899902,155.246429,0,0,0,0.000000,0,0
柳林大厦,卢湾支队;黄浦支队,,34600.000000,1235.714355,0,0,0,0.000000,0,0
晶耀商务广场商场南区,浦东支队,上海伟梦物联网科技有限公司,5873.839844,209.779999,1534,0,0,0.000000,6,13
上海嘉定园区-三号库,嘉定支队,,35680.000000,1274.285767,0,0,0,0.000000,0,0
上海嘉定园区-八号库,嘉定支队,,6097.000000,217.750015,0,0,0,0.000000,0,0
上海龙柏饭店有限公司,长宁支队,上海瑞眼科技有限公司,14130.000000,504.642853,456,0,0,0.000000,0,0
国华国际广场,杨浦支队,,160218.000000,5722.071289,0,0,0,0.000000,0,0
世界贸易大厦,黄浦支队,上海百公信息科技有限公司,68000.000000,2428.571533,0,87,93,1.068966,5,5
出师表大酒店,长宁支队,,9158.000000,327.071442,0,0,0,0.000000,0,0
汽车·创新港-18号楼,嘉定支队,,6084.819824,217.315002,0,0,0,0.000000,0,0
大众金融大厦,长宁支队,上海群名数码科技有限公司,50091.300781,1788.974976,76,0,0,0.000000,0,0
嘉里不夜城1座,静安支队;闸北支队,上海伟梦物联网科技有限公司,55700.000000,1989.285767,1788,0,0,0.000000,15,29
甄陶楼,徐汇支队,上海欧萨数据技术有限公司,10660.290039,380.724670,160,0,0,0.000000,0,0
富灵时代广场,,,58205.000000,2078.750000,0,0,0,0.000000,0,0
尚都里休闲广场,,,44314.199219,1582.650024,0,0,0,0.000000,0,0
喜来登香伦酒店,嘉定支队,上海百公信息科技有限公司,82408.687500,2943.167480,263,0,0,0.000000,0,0
长泰广场,浦东支队,上海瑞眼科技有限公司,320000.000000,11428.571289,189,0,0,0.000000,21,30
上海金山万达,金山支队,珠海万达商业管理集团股份有限公司,158500.000000,5660.714355,1076,0,0,0.000000,0,0
宝矿国际大厦,虹口支队,上海鼎消科技股份有限公司,63800.000000,2278.571533,44,2,14,7.000000,0,0
丰尚国际商业,,上海旻泰安全科技有限公司,46850.000000,1673.214355,0,0,0,0.000000,0,0
物贸大厦,普陀支队," 上海中泰消防科技有限公司",49300.000000,1760.714355,0,0,0,0.000000,0,0
华鑫科技园-D1-D8,徐汇支队,,30843.000000,1101.535767,0,0,0,0.000000,0,0
宝武大厦三号楼,浦东支队,上海亨朔智能科技有限公司,23932.349609,854.726746,89,0,0,0.000000,0,0
上海中银大厦,浦东支队,上海旻泰安全科技有限公司,120000.000000,4285.714355,596,0,0,0.000000,0,0
上海浦城热电能源有限公司-生产技术楼,,上海瑞眼科技有限公司,23372.000000,834.714294,0,0,0,0.000000,0,0
汽车·创新港-1号楼,嘉定支队,,6061.450195,216.480362,0,0,0,0.000000,0,0
白玉兰广场-超高层,虹口支队,上海伟梦物联网科技有限公司,344752.000000,12312.571289,868,0,0,0.000000,1,2
上海利嘉宾馆有限公司,长宁支队,,5200.000000,185.714294,0,0,0,0.000000,0,0
1788国际中心,静安支队,上海星湃数据科技有限公司,113126.226562,4040.222656,29,0,0,0.000000,0,0
虹桥丽宝广场,,上海物雄信息技术有限公司,235000.000000,8392.857422,0,0,0,0.000000,0,0
上海信息大楼,浦东支队,上海泓奥信息科技有限公司,100800.000000,3600.000000,0,0,0,0.000000,0,0
置业广场,闵行支队,上海中阳建设工程有限公司,60831.000000,2172.535889,294,2,2,1.000000,0,0
上海悠方3-7号楼,杨浦支队,上海永天科技股份有限公司,126501.296875,4517.903809,109824,0,0,0.000000,3,6
鄂尔多斯国际大厦,浦东支队,,60000.000000,2142.857178,0,0,0,0.000000,0,0
上海申养钦州路望年荟养老院,,,2929.000000,104.607140,0,0,0,0.000000,0,0
博隆（虹桥）商业广场,青浦支队,上海星湃数据科技有限公司,77389.648438,2763.916016,0,0,0,0.000000,0,0
保利悦活城,嘉定支队,上海瑞眼科技有限公司,128714.648438,4596.951660,0,0,0,0.000000,0,0
中海国际中心环宇荟,黄浦支队,,61173.601562,2184.771484,0,0,0,0.000000,0,0
百盛优客城市广场,,上海瑞眼科技有限公司,49071.800781,1752.564331,448,3,21,7.000000,1,1
上海环贸广场-T2办公楼,徐汇支队,上海伟梦物联网科技有限公司,64655.000000,2309.107178,613,0,0,0.000000,0,0
上海国金中心汇丰大楼,,上海伟梦物联网科技有限公司,136995.000000,4892.678711,1110,10,46,4.600000,1,1
保利盛茂大楼,宝山支队,上海科来屋信息技术有限公司;上海永天科技股份有限公司,51645.000000,1844.464355,0,0,0,0.000000,0,0
上海宝瞻商业经营管理有限公司-A1（青浦华新宝龙广场）,,,5180.000000,185.000000,0,0,0,0.000000,0,0
华泰中心-5号楼,嘉定支队,,2204.500000,78.732140,0,0,0,0.000000,0,0
新达汇·三林,浦东支队,上海伟梦物联网科技有限公司,98016.000000,3500.571289,4087,4,6,1.500000,0,0
协和大厦-凯特利广场,,,41275.000000,1474.107178,0,0,0,0.000000,0,0
银统大厦（北楼）,长宁支队,上海群名数码科技有限公司,21000.000000,750.000000,92,0,0,0.000000,0,0
绿地国际广场,,上海旻泰安全科技有限公司,44356.738281,1584.169312,1813,0,0,0.000000,0,0
大宁音乐广场-G座,静安支队,上海环宇消防集团有限公司,3785.149902,135.183929,142,0,0,0.000000,0,0
南京西路1515号办公楼三座,,上海伟梦物联网科技有限公司,179830.828125,6422.529297,4497,0,0,0.000000,0,0
中建大厦,浦东支队,,96656.000000,3452.000000,0,0,0,0.000000,0,0
华泰中心-25号楼,嘉定支队,,2866.860107,102.387863,0,0,0,0.000000,0,0
上海银行大厦,浦东支队,,108000.000000,3857.142822,0,0,0,0.000000,0,0
静安大融城商业2号楼,静安支队,上海百公信息科技有限公司,15498.000000,553.500000,0,0,0,0.000000,0,0
上海世贸商城-大型综合体,," 上海中泰消防科技有限公司",282190.000000,10078.214844,530,2,2,1.000000,0,0
嘉华中心,徐汇支队,上海伟梦物联网科技有限公司,92012.976562,3286.177979,0,0,0,0.000000,0,0
罗店宝龙广场,,消防云（上海）科技有限公司,0.000000,0.000000,0,0,0,0.000000,0,0
未来资产大厦,浦东支队,上海易达通信有限公司,86546.000000,3090.928467,0,0,0,0.000000,0,0
上海电影广场-A座,徐汇支队,上海瑞眼科技有限公司,23884.000000,853.000000,119,0,0,0.000000,0,0
力宝广场,黄浦支队,上海百公信息科技有限公司,64194.199219,2292.649902,0,6,6,1.000000,0,0
新理想广场,松江支队,,100000.000000,3571.428711,0,0,0,0.000000,0,0
中欣大厦,静安支队,上海瑞眼科技有限公司,69000.000000,2464.285645,243,0,0,0.000000,0,0
市政大厦,黄浦支队;上海总队,,73766.000000,2634.500000,0,0,0,0.000000,0,0
蛙城商业广场,,上海丙兴建设有限公司,130795.203125,4671.257324,0,4,48,12.000000,0,0
上海商务中心大厦,虹口支队," 上海中泰消防科技有限公司",61076.000000,2181.285889,0,0,0,0.000000,0,0
大华锦绣华城2-4地块商业项目,,上海特领达科技有限公司,35871.699219,1281.132080,0,0,0,0.000000,1,221
颐康家园-3号楼,嘉定支队,,1746.000000,62.357147,0,0,0,0.000000,0,0
上海普洛斯维龙物流园-厂房,嘉定支队,上海易达通信有限公司,16699.300781,596.403625,0,0,0,0.000000,0,0
上海电影广场-B座,徐汇支队,上海瑞眼科技有限公司,15607.000000,557.392822,338,0,0,0.000000,0,0
平安财富大厦,浦东支队,,61261.000000,2187.892822,0,0,0,0.000000,0,0
上海市长宁区人民法院,长宁支队,上海瑞眼科技有限公司,1533.000000,54.750004,42,0,0,0.000000,0,0
华泰中心-17号楼,嘉定支队,,1967.880005,70.281425,0,0,0,0.000000,0,0
上海爱琴海购物公园,闵行支队," 上海中泰消防科技有限公司",118666.000000,4238.071289,0,2,2,1.000000,0,0
长城大厦,普陀支队,上海鼎消科技股份有限公司,110000.000000,3928.571533,0,0,0,0.000000,0,0
环球世界大厦,静安支队,上海瑞眼科技有限公司,40000.000000,1428.571411,117,0,0,0.000000,0,0
上海海关陆家嘴大楼,浦东支队,,31962.109375,1141.503906,0,0,0,0.000000,0,0
陆家嘴世纪金融广场2号楼,浦东支队,上海安保消防技术有限公司,76377.000000,2727.750000,0,0,0,0.000000,0,0
上海中心大厦-综合体,浦东支队,上海伟梦物联网科技有限公司,577243.937500,20615.855469,0,0,0,0.000000,0,0
上海紫金山大酒店,浦东支队,,78000.000000,2785.714355,0,0,0,0.000000,0,0
生命人寿大厦,浦东支队,,60000.000000,2142.857178,0,0,0,0.000000,0,0
上海市社会主义学院-教学实验楼,徐汇支队,上海伟梦物联网科技有限公司,10764.150391,384.433960,0,0,0,0.000000,0,0
上海世纪联华超市青浦有限公司,,,31000.000000,1107.142822,0,0,0,0.000000,0,0
上海环球金融中心,浦东支队,上海鼎消科技股份有限公司,380000.000000,13571.428711,0,0,0,0.000000,0,0
汽车城瑞立大酒店,嘉定支队,上海意静信息科技有限公司,6800.000000,242.857147,32,0,0,0.000000,0,0
曹路宝龙广场,,消防云（上海）科技有限公司,77235.000000,2758.392822,0,0,0,0.000000,0,0
上海嘉定园区-四号库,嘉定支队,,41052.000000,1466.142944,0,0,0,0.000000,0,0
上海国际贸易中心,长宁支队,上海星湃数据科技有限公司,92518.000000,3304.214355,0,0,0,0.000000,0,0
太平洋保险及游族大厦,徐汇支队,,22500.000000,803.571472,0,0,0,0.000000,0,0
上海嘉定园区-九号库,嘉定支队,,8566.230469,305.936798,0,0,0,0.000000,0,0
世纪金融广场1号楼,浦东支队,上海安保消防技术有限公司,112336.000000,4012.000000,1,0,0,0.000000,0,0
上海浦江国际金融广场,虹口支队,上海伟梦物联网科技有限公司,120000.000000,4285.714355,2497,0,0,0.000000,0,0
大拇指广场,,,57533.441406,2054.765869,0,0,0,0.000000,0,0
滨江万科中心,浦东支队,,69623.742188,2486.562256,0,0,0,0.000000,0,0
虹华大厦,徐汇支队,上海旻泰安全科技有限公司,32340.419922,1155.015015,2178,0,0,0.000000,0,0
尚嘉中心,长宁支队,上海伟梦物联网科技有限公司,142594.000000,5092.643066,130,0,0,0.000000,0,0
软件大厦,徐汇支队,,31772.000000,1134.714233,0,0,0,0.000000,0,0
华宁国际广场,长宁支队,上海旻泰安全科技有限公司,39270.000000,1402.500000,4358,0,0,0.000000,0,0
上中路隧道管理所,,,794.000000,28.357143,0,0,0,0.000000,0,0
上海月星环球港南塔楼,普陀支队,,76480.000000,2731.428711,0,0,0,0.000000,0,0
正大广场,浦东支队,,248000.000000,8857.142578,0,0,0,0.000000,0,0
青浦宝龙二期,青浦支队,上海永天科技股份有限公司,101901.000000,3639.321289,0,0,0,0.000000,0,0
华泰中心-11号楼,嘉定支队,,11385.940430,406.640717,0,0,0,0.000000,0,0
五角场万达广场-C座写字楼,,,21656.240234,773.437195,0,0,0,0.000000,0,0
漕溪电信大楼,,,15520.000000,554.285706,0,0,0,0.000000,0,0
上海市浦东新区精神卫生中心-1号楼,,,9654.589844,344.806793,0,0,0,0.000000,0,0
大宁音乐广场-J座,静安支队,上海环宇消防集团有限公司,5535.189941,197.685349,250,0,0,0.000000,0,0
SOHO中山广场,长宁支队,碧声建设工程（上海）有限公司,142184.000000,5078.000000,186,0,0,0.000000,0,0
麦多生活广场,,上海国泰消防设备有限公司,37000.000000,1321.428589,0,0,0,0.000000,10,322
香港广场南座,黄浦支队;卢湾支队,上海瑞眼科技有限公司,70000.000000,2500.000000,2214,2,4,2.000000,0,0
国投新办公楼,水上支队,,64350.000000,2298.214355,0,0,0,0.000000,0,0
瑞丰国际大厦,,,64948.250000,2319.580566,0,0,0,0.000000,0,0
科技产业化大楼C楼,徐汇支队,,39150.000000,1398.214355,0,0,0,0.000000,0,0
东方国际大厦,长宁支队,上海星湃数据科技有限公司,49650.000000,1773.214355,14,0,0,0.000000,2,7
缤谷文化休闲广场,长宁支队,上海易达通信有限公司,85000.000000,3035.714355,83,0,0,0.000000,0,0
交银金融大厦（北楼）,浦东支队,,73179.000000,2613.535645,0,0,0,0.000000,0,0
iapm商场,徐汇支队,上海伟梦物联网科技有限公司,180653.000000,6451.893066,4900,1,2,2.000000,1,2
汽车·创新港-13号楼,嘉定支队,,7980.069824,285.002502,0,0,0,0.000000,0,0
鼎基商业,南汇支队;浦东支队,万霖消防技术有限公司,67131.867188,2397.566650,0,0,0,0.000000,0,0
合生国际广场-超高层,,上海瑞眼科技有限公司,329200.000000,11757.142578,3026,0,0,0.000000,1,1
华泰中心-12A,嘉定支队,,9522.549805,340.091064,0,0,0,0.000000,0,0
汉庭上海天山西路店,长宁支队,,4200.000000,150.000000,0,0,0,0.000000,0,0
大宁音乐广场-A座,静安支队,上海环宇消防集团有限公司,6082.259766,217.223557,25,0,0,0.000000,0,0
兴业太古汇-T2,静安支队,上海伟梦物联网科技有限公司,430000.000000,15357.143555,262,0,0,0.000000,0,0
书香居-北区,嘉定支队,,49555.000000,1769.821411,0,0,0,0.000000,0,0
众城大厦,浦东支队,,35700.000000,1275.000000,0,0,0,0.000000,0,0
久光百货,静安支队,上海国泰消防设备有限公司,81230.000000,2901.071533,1,0,0,0.000000,0,0
绿地中心B座,徐汇支队,上海旻泰安全科技有限公司,45295.218750,1617.686401,4405,29,106,3.655172,0,0
恒隆广场办公楼一期,静安支队,上海通成安保消防工程有限公司,81289.000000,2903.178467,1,0,0,0.000000,1,183
上海世贸商城-超高层,长宁支队," 上海中泰消防科技有限公司",282190.000000,10078.214844,1,0,0,0.000000,0,0
中融恒瑞国际大厦,浦东支队,万霖消防技术有限公司,93949.593750,3355.342529,0,0,0,0.000000,0,0
久事大厦,黄浦支队," 上海中泰消防科技有限公司",68000.000000,2428.571533,199,0,0,0.000000,0,0
南桥中企联合大厦,奉贤支队,上海亨朔智能科技有限公司,49961.601562,1784.342896,0,0,0,0.000000,0,0
上海索菲亚电子机械有限公司,长宁支队,上海物雄信息技术有限公司,0.000000,0.000000,0,0,0,0.000000,0,0
新金桥大厦,浦东支队,上海鼎消科技股份有限公司,67500.000000,2410.714355,0,0,0,0.000000,0,0
佳都大厦,,上海易达通信有限公司,14000.000000,500.000000,2,0,0,0.000000,0,0
东润广场,嘉定支队,上海意静信息科技有限公司,16780.000000,599.285706,9,0,0,0.000000,0,0
华泰中心-6号楼,嘉定支队,,2421.129883,86.468925,0,0,0,0.000000,0,0
中国石油上海大厦,浦东支队,,107500.000000,3839.285889,0,0,0,0.000000,0,0
中国人寿金融中心,浦东支队,上海瑞眼科技有限公司,107055.921875,3823.425781,102,0,0,0.000000,0,0
上海中庚环球创意中心-T2,闵行支队,上海旻泰安全科技有限公司,185224.000000,6615.143066,0,0,0,0.000000,0,0
仲益大厦,静安支队,上海永天科技股份有限公司,110715.000000,3954.107178,605,0,0,0.000000,0,0
上海世茂皇家艾美酒店,黄浦支队;上海总队," 上海中泰消防科技有限公司",177000.000000,6321.428711,564,0,0,0.000000,0,0
环球港,普陀支队," 上海中泰消防科技有限公司",480000.000000,17142.857422,12975,2,6,3.000000,1,1
环东华时尚休闲中心,,上海瑞眼科技有限公司,24000.000000,857.142883,270,0,0,0.000000,0,0
华泰中心-7号楼,嘉定支队,,2403.679932,85.845711,0,0,0,0.000000,0,0
上海龙湖虹桥天街,闵行支队,上海永天科技股份有限公司,250000.000000,8928.571289,13778,2,2,1.000000,9,9
农银大厦,浦东支队,上海旻泰安全科技有限公司,110083.898438,3931.567871,5713,2,4,2.000000,0,0
中冶祥腾城市广场,嘉定支队,,41000.000000,1464.285767,0,0,0,0.000000,0,0
国家会展中心（上海）～酒店,上海总队,,87175.000000,3113.392822,0,0,0,0.000000,0,0
（大虹桥国际广场）中建信国际广场,闵行支队,上海意静信息科技有限公司,68794.000000,2456.928467,16,0,0,0.000000,0,0
凯德虹口商业中心-大型综合体,虹口支队,上海伟梦物联网科技有限公司,282254.125000,10080.504883,1494,3,4,1.333333,0,0
上海平高世贸中心,松江支队,,80000.000000,2857.142822,0,0,0,0.000000,0,0
上海七宝万科广场,闵行支队,上海瑞眼科技有限公司,237193.000000,8471.178711,0,9,56,6.222222,0,0
上海证券大厦,浦东支队,上海易达通信有限公司,100000.000000,3571.428711,0,0,0,0.000000,0,0
上海中豪纸品加工有限公司,,,54673.000000,1952.607056,0,0,0,0.000000,0,0
上海文化广播影视集团有限公司广播大厦,上海总队;长宁支队,上海物雄信息技术有限公司,1.000000,0.035714,0,0,0,0.000000,0,0
绿地·汇中心-B栋,徐汇支队,上海旻泰安全科技有限公司,30858.000000,1102.071411,381,0,0,0.000000,0,0
银统大厦（南楼）,长宁支队,上海群名数码科技有限公司,21000.000000,750.000000,29,0,0,0.000000,0,0
宁国禅寺-寺院建筑,徐汇支队,,7374.879883,263.388580,0,0,0,0.000000,0,0
上海驿岛酒店,嘉定支队,上海意静信息科技有限公司,42800.000000,1528.571411,4,0,0,0.000000,0,0
闵行商业中心-龙之梦购物中心（莘庄店),闵行支队,上海伟梦物联网科技有限公司,88736.000000,3169.142822,71,0,0,0.000000,0,0
上海工商联大厦,黄浦支队," 上海中泰消防科技有限公司",45000.000000,1607.142944,0,0,0,0.000000,0,0
上海恒隆广场,静安支队,上海通成安保消防工程有限公司,52000.000000,1857.142944,0,0,0,0.000000,1,88
震旦国际大楼,浦东支队,,102517.000000,3661.321533,0,0,0,0.000000,0,0
新世界城,黄浦支队,上海百公信息科技有限公司,117789.078125,4206.752930,393,0,0,0.000000,0,0
红太阳商业广场,宝山支队,上海科来屋信息技术有限公司,65000.000000,2321.428711,0,0,0,0.000000,0,0
中国民生银行大厦,浦东支队,上海欧萨数据技术有限公司,94676.000000,3381.285645,0,0,0,0.000000,0,0
嘉虹酒店（虹桥机场店）,,上海瑞眼科技有限公司,18294.000000,653.357178,48,0,0,0.000000,0,0
长宁八八中心,,上海伟梦物联网科技有限公司,124304.000000,4439.428711,2718,0,0,0.000000,0,0
上海徐汇区龙华街道敬老院,,腾御(上海)信息科技有限公司,1480.000000,52.857143,0,0,0,0.000000,0,0
海世轩公馆,长宁支队,上海瑞眼科技有限公司,98043.000000,3501.535645,19,0,0,0.000000,0,0
汇亚大厦,浦东支队,,92752.000000,3312.571533,0,0,0,0.000000,0,0
上海金福第三养老院,长宁支队,上海中阳建设工程有限公司,9949.690430,355.346100,53,0,0,0.000000,0,0
利富商贸大厦,嘉定支队,上海物雄信息技术有限公司,74000.000000,2642.857178,0,0,0,0.000000,0,0
罗香校区-辅楼（东楼）,徐汇支队,,980.000000,35.000000,0,0,0,0.000000,0,0
虹桥古玩城,闵行支队,上海瑞眼科技有限公司,84000.000000,3000.000000,76,0,0,0.000000,0,0
智慧广场,静安支队,苏州思迪信息技术有限公司,62000.000000,2214.285645,5,0,0,0.000000,0,0
101大楼,闵行支队,上海特领达科技有限公司,277810.750000,9921.812500,52,0,0,0.000000,1,254
兴业太古汇-大型综合体,静安支队,上海伟梦物联网科技有限公司,430000.000000,15357.143555,658,0,0,0.000000,0,0
